,file_name,annotation_file,image_path,annotation_path,annotation,label
0,Zola_u_Kibara_V397_2_30-12-10.png,Zola_u_Kibara_V397_2_30-12-10.txt,/content/drive/MyDrive/chimp_zoo/Zoo_Leipzig_original/Gorilla/Zola_u_Kibara_V397_2_30-12-10.png,/content/drive/MyDrive/chimp_zoo/Zoo_Leipzig_original/Gorilla/Zola_u_Kibara_V397_2_30-12-10.txt,5 0.308333 0.184259 0.078646 0.15463,5
1,Zola_V410_3_30-11-10.png,Zola_V410_3_30-11-10.txt,/content/drive/MyDrive/chimp_zoo/Zoo_Leipzig_original/Gorilla/Zola_V410_3_30-11-10.png,/content/drive/MyDrive/chimp_zoo/Zoo_Leipzig_original/Gorilla/Zola_V410_3_30-11-10.txt,5 0.426823 0.540741 0.186458 0.382407,5
2,Gorgo_V406_2_30-11-10.png,Gorgo_V406_2_30-11-10.txt,/content/drive/MyDrive/chimp_zoo/Zoo_Leipzig_original/Gorilla/Gorgo_V406_2_30-11-10.png,/content/drive/MyDrive/chimp_zoo/Zoo_Leipzig_original/Gorilla/Gorgo_V406_2_30-11-10.txt,1 0.57625 0.500556 0.151875 0.32,1
3,Kibara_V399_1_30-12-10.png,Kibara_V399_1_30-12-10.txt,/content/drive/MyDrive/chimp_zoo/Zoo_Leipzig_original/Gorilla/Kibara_V399_1_30-12-10.png,/content/drive/MyDrive/chimp_zoo/Zoo_Leipzig_original/Gorilla/Kibara_V399_1_30-12-10.txt,2 0.360417 0.379167 0.116146 0.272222,2
4,Gorgo_V409_4_30-11-10.png,Gorgo_V409_4_30-11-10.txt,/content/drive/MyDrive/chimp_zoo/Zoo_Leipzig_original/Gorilla/Gorgo_V409_4_30-11-10.png,/content/drive/MyDrive/chimp_zoo/Zoo_Leipzig_original/Gorilla/Gorgo_V409_4_30-11-10.txt,1 0.59 0.654444 0.249376 0.518889,1
5,Gorgo_V409_2_30-11-10.png,Gorgo_V409_2_30-11-10.txt,/content/drive/MyDrive/chimp_zoo/Zoo_Leipzig_original/Gorilla/Gorgo_V409_2_30-11-10.png,/content/drive/MyDrive/chimp_zoo/Zoo_Leipzig_original/Gorilla/Gorgo_V409_2_30-11-10.txt,1 0.55125 0.573889 0.255625 0.471111,1
6,Gorgo_V409_3_30-11-10.png,Gorgo_V409_3_30-11-10.txt,/content/drive/MyDrive/chimp_zoo/Zoo_Leipzig_original/Gorilla/Gorgo_V409_3_30-11-10.png,/content/drive/MyDrive/chimp_zoo/Zoo_Leipzig_original/Gorilla/Gorgo_V409_3_30-11-10.txt,1 0.549687 0.607222 0.258751 0.466667,1
7,Zola_u_Kibara_V397_1_30-12-10.png,Zola_u_Kibara_V397_1_30-12-10.txt,/content/drive/MyDrive/chimp_zoo/Zoo_Leipzig_original/Gorilla/Zola_u_Kibara_V397_1_30-12-10.png,/content/drive/MyDrive/chimp_zoo/Zoo_Leipzig_original/Gorilla/Zola_u_Kibara_V397_1_30-12-10.txt,5 0.3 0.198611 0.07552 0.157408,5
8,Kibara_V380_3_29-11-10.png,Kibara_V380_3_29-11-10.txt,/content/drive/MyDrive/chimp_zoo/Zoo_Leipzig_original/Gorilla/Kibara_V380_3_29-11-10.png,/content/drive/MyDrive/chimp_zoo/Zoo_Leipzig_original/Gorilla/Kibara_V380_3_29-11-10.txt,2 0.426867 0.376157 0.149305 0.270061,2
9,Bebe_V398_1_30-12-10.png,Bebe_V398_1_30-12-10.txt,/content/drive/MyDrive/chimp_zoo/Zoo_Leipzig_original/Gorilla/Bebe_V398_1_30-12-10.png,/content/drive/MyDrive/chimp_zoo/Zoo_Leipzig_original/Gorilla/Bebe_V398_1_30-12-10.txt,0 0.392188 0.474444 0.172501 0.274445,0
10,Zola_V400_1_30-12-10.png,Zola_V400_1_30-12-10.txt,/content/drive/MyDrive/chimp_zoo/Zoo_Leipzig_original/Gorilla/Zola_V400_1_30-12-10.png,/content/drive/MyDrive/chimp_zoo/Zoo_Leipzig_original/Gorilla/Zola_V400_1_30-12-10.txt,5 0.355729 0.3625 0.151562 0.25926,5
11,Gorgo_V407_1_30-11-10.png,Gorgo_V407_1_30-11-10.txt,/content/drive/MyDrive/chimp_zoo/Zoo_Leipzig_original/Gorilla/Gorgo_V407_1_30-11-10.png,/content/drive/MyDrive/chimp_zoo/Zoo_Leipzig_original/Gorilla/Gorgo_V407_1_30-11-10.txt,1 0.466875 0.645555 0.279375 0.563333,1
12,Kibara_V415_2_30-11-10.png,Kibara_V415_2_30-11-10.txt,/content/drive/MyDrive/chimp_zoo/Zoo_Leipzig_original/Gorilla/Kibara_V415_2_30-11-10.png,/content/drive/MyDrive/chimp_zoo/Zoo_Leipzig_original/Gorilla/Kibara_V415_2_30-11-10.txt,2 0.539583 0.287963 0.160937 0.48426,2
13,Kibara_V415_1_30-11-10.png,Kibara_V415_1_30-11-10.txt,/content/drive/MyDrive/chimp_zoo/Zoo_Leipzig_original/Gorilla/Kibara_V415_1_30-11-10.png,/content/drive/MyDrive/chimp_zoo/Zoo_Leipzig_original/Gorilla/Kibara_V415_1_30-11-10.txt,2 0.519999 0.537222 0.324375 0.537778,2
14,Bebe_V398_2_30-12-10.png,Bebe_V398_2_30-12-10.txt,/content/drive/MyDrive/chimp_zoo/Zoo_Leipzig_original/Gorilla/Bebe_V398_2_30-12-10.png,/content/drive/MyDrive/chimp_zoo/Zoo_Leipzig_original/Gorilla/Bebe_V398_2_30-12-10.txt,0 0.419688 0.378889 0.21625 0.376666,0
15,Zola_u_Kibara_V396_2_30-12-10.png,Zola_u_Kibara_V396_2_30-12-10.txt,/content/drive/MyDrive/chimp_zoo/Zoo_Leipzig_original/Gorilla/Zola_u_Kibara_V396_2_30-12-10.png,/content/drive/MyDrive/chimp_zoo/Zoo_Leipzig_original/Gorilla/Zola_u_Kibara_V396_2_30-12-10.txt,5 0.634896 0.423148 0.106771 0.193518,5
16,Gorgo_V406_1_30-11-10.png,Gorgo_V406_1_30-11-10.txt,/content/drive/MyDrive/chimp_zoo/Zoo_Leipzig_original/Gorilla/Gorgo_V406_1_30-11-10.png,/content/drive/MyDrive/chimp_zoo/Zoo_Leipzig_original/Gorilla/Gorgo_V406_1_30-11-10.txt,1 0.587187 0.520556 0.135 0.3,1
17,Bebe_V378_1_29-11-10.png,Bebe_V378_1_29-11-10.txt,/content/drive/MyDrive/chimp_zoo/Zoo_Leipzig_original/Gorilla/Bebe_V378_1_29-11-10.png,/content/drive/MyDrive/chimp_zoo/Zoo_Leipzig_original/Gorilla/Bebe_V378_1_29-11-10.txt,0 0.272396 0.22037 0.147396 0.306481,0
18,Zola_u_Kibara_V396_1_30-12-10.png,Zola_u_Kibara_V396_1_30-12-10.txt,/content/drive/MyDrive/chimp_zoo/Zoo_Leipzig_original/Gorilla/Zola_u_Kibara_V396_1_30-12-10.png,/content/drive/MyDrive/chimp_zoo/Zoo_Leipzig_original/Gorilla/Zola_u_Kibara_V396_1_30-12-10.txt,5 0.684896 0.458796 0.115104 0.222222,5
19,Kibara_V399_2_30-12-10.png,Kibara_V399_2_30-12-10.txt,/content/drive/MyDrive/chimp_zoo/Zoo_Leipzig_original/Gorilla/Kibara_V399_2_30-12-10.png,/content/drive/MyDrive/chimp_zoo/Zoo_Leipzig_original/Gorilla/Kibara_V399_2_30-12-10.txt,2 0.327344 0.370371 0.123958 0.286111,2
20,Kibara_V415_3_30-11-10.png,Kibara_V415_3_30-11-10.txt,/content/drive/MyDrive/chimp_zoo/Zoo_Leipzig_original/Gorilla/Kibara_V415_3_30-11-10.png,/content/drive/MyDrive/chimp_zoo/Zoo_Leipzig_original/Gorilla/Kibara_V415_3_30-11-10.txt,2 0.542188 0.341666 0.096355 0.280555,2
21,Zola_V410_1_30-11-10.png,Zola_V410_1_30-11-10.txt,/content/drive/MyDrive/chimp_zoo/Zoo_Leipzig_original/Gorilla/Zola_V410_1_30-11-10.png,/content/drive/MyDrive/chimp_zoo/Zoo_Leipzig_original/Gorilla/Zola_V410_1_30-11-10.txt,5 0.500938 0.494444 0.213749 0.345555,5
22,Bebe_V405_1_30-11-10.png,Bebe_V405_1_30-11-10.txt,/content/drive/MyDrive/chimp_zoo/Zoo_Leipzig_original/Gorilla/Bebe_V405_1_30-11-10.png,/content/drive/MyDrive/chimp_zoo/Zoo_Leipzig_original/Gorilla/Bebe_V405_1_30-11-10.txt,0 0.43625 0.501667 0.241874 0.533333,0
23,Zola_V410_2_30-11-10.png,Zola_V410_2_30-11-10.txt,/content/drive/MyDrive/chimp_zoo/Zoo_Leipzig_original/Gorilla/Zola_V410_2_30-11-10.png,/content/drive/MyDrive/chimp_zoo/Zoo_Leipzig_original/Gorilla/Zola_V410_2_30-11-10.txt,5 0.464323 0.477314 0.186458 0.387037,5
24,Gorgo_V409_1_30-11-10.png,Gorgo_V409_1_30-11-10.txt,/content/drive/MyDrive/chimp_zoo/Zoo_Leipzig_original/Gorilla/Gorgo_V409_1_30-11-10.png,/content/drive/MyDrive/chimp_zoo/Zoo_Leipzig_original/Gorilla/Gorgo_V409_1_30-11-10.txt,1 0.550001 0.606111 0.258125 0.435556,1
25,Gorgo_V377_1_29-11-10.png,Gorgo_V377_1_29-11-10.txt,/content/drive/MyDrive/chimp_zoo/Zoo_Leipzig_original/Gorilla/Gorgo_V377_1_29-11-10.png,/content/drive/MyDrive/chimp_zoo/Zoo_Leipzig_original/Gorilla/Gorgo_V377_1_29-11-10.txt,1 0.538802 0.551852 0.188542 0.40463,1
26,Gorgo_V385_3_29-11-10.png,Gorgo_V385_3_29-11-10.txt,/content/drive/MyDrive/chimp_zoo/Zoo_Leipzig_original/Gorilla/Gorgo_V385_3_29-11-10.png,/content/drive/MyDrive/chimp_zoo/Zoo_Leipzig_original/Gorilla/Gorgo_V385_3_29-11-10.txt,1 0.457552 0.409259 0.15 0.258333,1
27,Bebe_V378_2_29-11-10.png,Bebe_V378_2_29-11-10.txt,/content/drive/MyDrive/chimp_zoo/Zoo_Leipzig_original/Gorilla/Bebe_V378_2_29-11-10.png,/content/drive/MyDrive/chimp_zoo/Zoo_Leipzig_original/Gorilla/Bebe_V378_2_29-11-10.txt,0 0.379688 0.259722 0.151563 0.268518,0
28,Gorgo_V385_2_29-11-10.png,Gorgo_V385_2_29-11-10.txt,/content/drive/MyDrive/chimp_zoo/Zoo_Leipzig_original/Gorilla/Gorgo_V385_2_29-11-10.png,/content/drive/MyDrive/chimp_zoo/Zoo_Leipzig_original/Gorilla/Gorgo_V385_2_29-11-10.txt,1 0.480687 0.390432 0.09896 0.195216,1
29,Bebe_V384_2_29-11-10.png,Bebe_V384_2_29-11-10.txt,/content/drive/MyDrive/chimp_zoo/Zoo_Leipzig_original/Gorilla/Bebe_V384_2_29-11-10.png,/content/drive/MyDrive/chimp_zoo/Zoo_Leipzig_original/Gorilla/Bebe_V384_2_29-11-10.txt,0 0.460001 0.499444 0.164375 0.337777,0
30,Kibara_V380_2_29-11-10.png,Kibara_V380_2_29-11-10.txt,/content/drive/MyDrive/chimp_zoo/Zoo_Leipzig_original/Gorilla/Kibara_V380_2_29-11-10.png,/content/drive/MyDrive/chimp_zoo/Zoo_Leipzig_original/Gorilla/Kibara_V380_2_29-11-10.txt,2 0.550998 0.241126 0.141493 0.274691,2
31,Bebe_V384_1_29-11-10.png,Bebe_V384_1_29-11-10.txt,/content/drive/MyDrive/chimp_zoo/Zoo_Leipzig_original/Gorilla/Bebe_V384_1_29-11-10.png,/content/drive/MyDrive/chimp_zoo/Zoo_Leipzig_original/Gorilla/Bebe_V384_1_29-11-10.txt,0 0.3875 0.4 0.172396 0.343518,0
32,Louna_V149_4_24-08-10.png,Louna_V149_4_24-08-10.txt,/content/drive/MyDrive/chimp_zoo/Zoo_Leipzig_original/Gorilla/Louna_V149_4_24-08-10.png,/content/drive/MyDrive/chimp_zoo/Zoo_Leipzig_original/Gorilla/Louna_V149_4_24-08-10.txt,3 0.640365 0.252777 0.119791 0.262037,3
33,Bebe_V384_4_29-11-10_Viringika.png,Bebe_V384_4_29-11-10_Viringika.txt,/content/drive/MyDrive/chimp_zoo/Zoo_Leipzig_original/Gorilla/Bebe_V384_4_29-11-10_Viringika.png,/content/drive/MyDrive/chimp_zoo/Zoo_Leipzig_original/Gorilla/Bebe_V384_4_29-11-10_Viringika.txt,4 0.455625 0.286667 0.081874 0.167778,4
34,Gorgo_V147_6_24-08-10.png,Gorgo_V147_6_24-08-10.txt,/content/drive/MyDrive/chimp_zoo/Zoo_Leipzig_original/Gorilla/Gorgo_V147_6_24-08-10.png,/content/drive/MyDrive/chimp_zoo/Zoo_Leipzig_original/Gorilla/Gorgo_V147_6_24-08-10.txt,1 0.483333 0.320833 0.154687 0.268519,1
35,Louna_u_Zola_V379_1_29-11-10.png,Louna_u_Zola_V379_1_29-11-10.txt,/content/drive/MyDrive/chimp_zoo/Zoo_Leipzig_original/Gorilla/Louna_u_Zola_V379_1_29-11-10.png,/content/drive/MyDrive/chimp_zoo/Zoo_Leipzig_original/Gorilla/Louna_u_Zola_V379_1_29-11-10.txt,3 0.232639 0.444445 0.066406 0.195217,3
36,Louna_V381_2_29-11-10.png,Louna_V381_2_29-11-10.txt,/content/drive/MyDrive/chimp_zoo/Zoo_Leipzig_original/Gorilla/Louna_V381_2_29-11-10.png,/content/drive/MyDrive/chimp_zoo/Zoo_Leipzig_original/Gorilla/Louna_V381_2_29-11-10.txt,3 0.406467 0.264275 0.09375 0.177469,3
37,Bebe_V378_3_29-11-10.png,Bebe_V378_3_29-11-10.txt,/content/drive/MyDrive/chimp_zoo/Zoo_Leipzig_original/Gorilla/Bebe_V378_3_29-11-10.png,/content/drive/MyDrive/chimp_zoo/Zoo_Leipzig_original/Gorilla/Bebe_V378_3_29-11-10.txt,0 0.441406 0.358797 0.194792 0.364815,0
38,Louna_V149_12_24-08-10.png,Louna_V149_12_24-08-10.txt,/content/drive/MyDrive/chimp_zoo/Zoo_Leipzig_original/Gorilla/Louna_V149_12_24-08-10.png,/content/drive/MyDrive/chimp_zoo/Zoo_Leipzig_original/Gorilla/Louna_V149_12_24-08-10.txt,3 0.601302 0.516667 0.2125 0.428704,3
39,Louna_V149_13_24-08-10.png,Louna_V149_13_24-08-10.txt,/content/drive/MyDrive/chimp_zoo/Zoo_Leipzig_original/Gorilla/Louna_V149_13_24-08-10.png,/content/drive/MyDrive/chimp_zoo/Zoo_Leipzig_original/Gorilla/Louna_V149_13_24-08-10.txt,3 0.519791 0.496296 0.199479 0.449074,3
40,Louna_V149_2_24-08-10.png,Louna_V149_2_24-08-10.txt,/content/drive/MyDrive/chimp_zoo/Zoo_Leipzig_original/Gorilla/Louna_V149_2_24-08-10.png,/content/drive/MyDrive/chimp_zoo/Zoo_Leipzig_original/Gorilla/Louna_V149_2_24-08-10.txt,3 0.609115 0.285185 0.103125 0.271296,3
41,Kibara_V380_1_29-11-10.png,Kibara_V380_1_29-11-10.txt,/content/drive/MyDrive/chimp_zoo/Zoo_Leipzig_original/Gorilla/Kibara_V380_1_29-11-10.png,/content/drive/MyDrive/chimp_zoo/Zoo_Leipzig_original/Gorilla/Kibara_V380_1_29-11-10.txt,2 0.546094 0.239815 0.136458 0.262037,2
42,Bebe_V378_4_29-11-10.png,Bebe_V378_4_29-11-10.txt,/content/drive/MyDrive/chimp_zoo/Zoo_Leipzig_original/Gorilla/Bebe_V378_4_29-11-10.png,/content/drive/MyDrive/chimp_zoo/Zoo_Leipzig_original/Gorilla/Bebe_V378_4_29-11-10.txt,0 0.432812 0.568334 0.263751 0.508889,0
43,Gorgo_V385_1_29-11-10.png,Gorgo_V385_1_29-11-10.txt,/content/drive/MyDrive/chimp_zoo/Zoo_Leipzig_original/Gorilla/Gorgo_V385_1_29-11-10.png,/content/drive/MyDrive/chimp_zoo/Zoo_Leipzig_original/Gorilla/Gorgo_V385_1_29-11-10.txt,1 0.491927 0.410648 0.096875 0.198148,1
44,Louna_V149_7_24-08-10.png,Louna_V149_7_24-08-10.txt,/content/drive/MyDrive/chimp_zoo/Zoo_Leipzig_original/Gorilla/Louna_V149_7_24-08-10.png,/content/drive/MyDrive/chimp_zoo/Zoo_Leipzig_original/Gorilla/Louna_V149_7_24-08-10.txt,3 0.474218 0.626389 0.153125 0.337037,3
45,Gorgo_V147_1_24-08-10.png,Gorgo_V147_1_24-08-10.txt,/content/drive/MyDrive/chimp_zoo/Zoo_Leipzig_original/Gorilla/Gorgo_V147_1_24-08-10.png,/content/drive/MyDrive/chimp_zoo/Zoo_Leipzig_original/Gorilla/Gorgo_V147_1_24-08-10.txt,1 0.585938 0.522686 0.128645 0.288889,1
46,Kibara_V148_4_24-08-10.png,Kibara_V148_4_24-08-10.txt,/content/drive/MyDrive/chimp_zoo/Zoo_Leipzig_original/Gorilla/Kibara_V148_4_24-08-10.png,/content/drive/MyDrive/chimp_zoo/Zoo_Leipzig_original/Gorilla/Kibara_V148_4_24-08-10.txt,2 0.59375 0.320833 0.11198 0.201852,2
47,Louna_V149_11_24-08-10.png,Louna_V149_11_24-08-10.txt,/content/drive/MyDrive/chimp_zoo/Zoo_Leipzig_original/Gorilla/Louna_V149_11_24-08-10.png,/content/drive/MyDrive/chimp_zoo/Zoo_Leipzig_original/Gorilla/Louna_V149_11_24-08-10.txt,3 0.537239 0.506482 0.091667 0.189815,3
48,Kibara_V148_1_24-08-10.png,Kibara_V148_1_24-08-10.txt,/content/drive/MyDrive/chimp_zoo/Zoo_Leipzig_original/Gorilla/Kibara_V148_1_24-08-10.png,/content/drive/MyDrive/chimp_zoo/Zoo_Leipzig_original/Gorilla/Kibara_V148_1_24-08-10.txt,2 0.52474 0.359259 0.104167 0.199074,2
49,Gorgo_V147_8_24-08-10.png,Gorgo_V147_8_24-08-10.txt,/content/drive/MyDrive/chimp_zoo/Zoo_Leipzig_original/Gorilla/Gorgo_V147_8_24-08-10.png,/content/drive/MyDrive/chimp_zoo/Zoo_Leipzig_original/Gorilla/Gorgo_V147_8_24-08-10.txt,1 0.474479 0.277315 0.159896 0.231482,1
50,Kibara_V148_3_24-08-10.png,Kibara_V148_3_24-08-10.txt,/content/drive/MyDrive/chimp_zoo/Zoo_Leipzig_original/Gorilla/Kibara_V148_3_24-08-10.png,/content/drive/MyDrive/chimp_zoo/Zoo_Leipzig_original/Gorilla/Kibara_V148_3_24-08-10.txt,2 0.523177 0.367593 0.109375 0.176852,2
51,Bebe_V378_5_29-11-10.png,Bebe_V378_5_29-11-10.txt,/content/drive/MyDrive/chimp_zoo/Zoo_Leipzig_original/Gorilla/Bebe_V378_5_29-11-10.png,/content/drive/MyDrive/chimp_zoo/Zoo_Leipzig_original/Gorilla/Bebe_V378_5_29-11-10.txt,0 0.359635 0.373148 0.139583 0.321296,0
52,Louna_V149_6_24-08-10.png,Louna_V149_6_24-08-10.txt,/content/drive/MyDrive/chimp_zoo/Zoo_Leipzig_original/Gorilla/Louna_V149_6_24-08-10.png,/content/drive/MyDrive/chimp_zoo/Zoo_Leipzig_original/Gorilla/Louna_V149_6_24-08-10.txt,3 0.276562 0.541204 0.139063 0.32963,3
53,Louna_V381_1_29-11-10.png,Louna_V381_1_29-11-10.txt,/content/drive/MyDrive/chimp_zoo/Zoo_Leipzig_original/Gorilla/Louna_V381_1_29-11-10.png,/content/drive/MyDrive/chimp_zoo/Zoo_Leipzig_original/Gorilla/Louna_V381_1_29-11-10.txt,3 0.382812 0.25 0.089843 0.207562,3
54,Gorgo_V147_7_24-08-10.png,Gorgo_V147_7_24-08-10.txt,/content/drive/MyDrive/chimp_zoo/Zoo_Leipzig_original/Gorilla/Gorgo_V147_7_24-08-10.png,/content/drive/MyDrive/chimp_zoo/Zoo_Leipzig_original/Gorilla/Gorgo_V147_7_24-08-10.txt,1 0.522917 0.450463 0.135937 0.292592,1
55,Kibara_V148_5_24-08-10.png,Kibara_V148_5_24-08-10.txt,/content/drive/MyDrive/chimp_zoo/Zoo_Leipzig_original/Gorilla/Kibara_V148_5_24-08-10.png,/content/drive/MyDrive/chimp_zoo/Zoo_Leipzig_original/Gorilla/Kibara_V148_5_24-08-10.txt,2 0.602344 0.310185 0.107292 0.202778,2
56,Bebe_V384_3_29-11-10_Viringika.png,Bebe_V384_3_29-11-10_Viringika.txt,/content/drive/MyDrive/chimp_zoo/Zoo_Leipzig_original/Gorilla/Bebe_V384_3_29-11-10_Viringika.png,/content/drive/MyDrive/chimp_zoo/Zoo_Leipzig_original/Gorilla/Bebe_V384_3_29-11-10_Viringika.txt,4 0.468229 0.268056 0.078646 0.168519,4
57,Gorgo_V147_3_24-08-10.png,Gorgo_V147_3_24-08-10.txt,/content/drive/MyDrive/chimp_zoo/Zoo_Leipzig_original/Gorilla/Gorgo_V147_3_24-08-10.png,/content/drive/MyDrive/chimp_zoo/Zoo_Leipzig_original/Gorilla/Gorgo_V147_3_24-08-10.txt,1 0.513281 0.318518 0.133333 0.249075,1
58,Louna_V149_3_24-08-10.png,Louna_V149_3_24-08-10.txt,/content/drive/MyDrive/chimp_zoo/Zoo_Leipzig_original/Gorilla/Louna_V149_3_24-08-10.png,/content/drive/MyDrive/chimp_zoo/Zoo_Leipzig_original/Gorilla/Louna_V149_3_24-08-10.txt,3 0.604167 0.275 0.095313 0.239814,3
59,Gorgo_V147_9_24-08-10.png,Gorgo_V147_9_24-08-10.txt,/content/drive/MyDrive/chimp_zoo/Zoo_Leipzig_original/Gorilla/Gorgo_V147_9_24-08-10.png,/content/drive/MyDrive/chimp_zoo/Zoo_Leipzig_original/Gorilla/Gorgo_V147_9_24-08-10.txt,1 0.515104 0.3875 0.133854 0.288888,1
60,Gorgo_V147_4_24-08-10.png,Gorgo_V147_4_24-08-10.txt,/content/drive/MyDrive/chimp_zoo/Zoo_Leipzig_original/Gorilla/Gorgo_V147_4_24-08-10.png,/content/drive/MyDrive/chimp_zoo/Zoo_Leipzig_original/Gorilla/Gorgo_V147_4_24-08-10.txt,1 0.520573 0.375 0.13125 0.275,1
61,Gorgo_V147_2_24-08-10.png,Gorgo_V147_2_24-08-10.txt,/content/drive/MyDrive/chimp_zoo/Zoo_Leipzig_original/Gorilla/Gorgo_V147_2_24-08-10.png,/content/drive/MyDrive/chimp_zoo/Zoo_Leipzig_original/Gorilla/Gorgo_V147_2_24-08-10.txt,1 0.509896 0.336574 0.131771 0.277778,1
62,Louna_V149_1_24-08-10.png,Louna_V149_1_24-08-10.txt,/content/drive/MyDrive/chimp_zoo/Zoo_Leipzig_original/Gorilla/Louna_V149_1_24-08-10.png,/content/drive/MyDrive/chimp_zoo/Zoo_Leipzig_original/Gorilla/Louna_V149_1_24-08-10.txt,3 0.533594 0.60463 0.183333 0.369445,3
63,Louna_V149_8_24-08-10.png,Louna_V149_8_24-08-10.txt,/content/drive/MyDrive/chimp_zoo/Zoo_Leipzig_original/Gorilla/Louna_V149_8_24-08-10.png,/content/drive/MyDrive/chimp_zoo/Zoo_Leipzig_original/Gorilla/Louna_V149_8_24-08-10.txt,3 0.358854 0.678704 0.164062 0.339815,3
64,Bebe_V357_4_23-11-10.png,Bebe_V357_4_23-11-10.txt,/content/drive/MyDrive/chimp_zoo/Zoo_Leipzig_original/Gorilla/Bebe_V357_4_23-11-10.png,/content/drive/MyDrive/chimp_zoo/Zoo_Leipzig_original/Gorilla/Bebe_V357_4_23-11-10.txt,0 0.529427 0.596759 0.191666 0.433333,0
65,Kibara_V148_2_24-08-10.png,Kibara_V148_2_24-08-10.txt,/content/drive/MyDrive/chimp_zoo/Zoo_Leipzig_original/Gorilla/Kibara_V148_2_24-08-10.png,/content/drive/MyDrive/chimp_zoo/Zoo_Leipzig_original/Gorilla/Kibara_V148_2_24-08-10.txt,2 0.560938 0.368981 0.108855 0.209259,2
66,Gorgo_V147_5_24-08-10.png,Gorgo_V147_5_24-08-10.txt,/content/drive/MyDrive/chimp_zoo/Zoo_Leipzig_original/Gorilla/Gorgo_V147_5_24-08-10.png,/content/drive/MyDrive/chimp_zoo/Zoo_Leipzig_original/Gorilla/Gorgo_V147_5_24-08-10.txt,1 0.579167 0.311111 0.140104 0.275,1
67,Louna_V149_10_24-08-10.png,Louna_V149_10_24-08-10.txt,/content/drive/MyDrive/chimp_zoo/Zoo_Leipzig_original/Gorilla/Louna_V149_10_24-08-10.png,/content/drive/MyDrive/chimp_zoo/Zoo_Leipzig_original/Gorilla/Louna_V149_10_24-08-10.txt,3 0.542448 0.32963 0.119792 0.213889,3
68,Kibara_V342_1_23-11-10.png,Kibara_V342_1_23-11-10.txt,/content/drive/MyDrive/chimp_zoo/Zoo_Leipzig_original/Gorilla/Kibara_V342_1_23-11-10.png,/content/drive/MyDrive/chimp_zoo/Zoo_Leipzig_original/Gorilla/Kibara_V342_1_23-11-10.txt,2 0.549219 0.280093 0.173958 0.346297,2
69,Louna_V149_5_24-08-10.png,Louna_V149_5_24-08-10.txt,/content/drive/MyDrive/chimp_zoo/Zoo_Leipzig_original/Gorilla/Louna_V149_5_24-08-10.png,/content/drive/MyDrive/chimp_zoo/Zoo_Leipzig_original/Gorilla/Louna_V149_5_24-08-10.txt,3 0.296355 0.473148 0.136979 0.29537,3
70,Louna_V149_9_24-08-10.png,Louna_V149_9_24-08-10.txt,/content/drive/MyDrive/chimp_zoo/Zoo_Leipzig_original/Gorilla/Louna_V149_9_24-08-10.png,/content/drive/MyDrive/chimp_zoo/Zoo_Leipzig_original/Gorilla/Louna_V149_9_24-08-10.txt,3 0.434895 0.397685 0.088021 0.22963,3
71,Zola_V362_1_23-11-10.png,Zola_V362_1_23-11-10.txt,/content/drive/MyDrive/chimp_zoo/Zoo_Leipzig_original/Gorilla/Zola_V362_1_23-11-10.png,/content/drive/MyDrive/chimp_zoo/Zoo_Leipzig_original/Gorilla/Zola_V362_1_23-11-10.txt,5 0.389062 0.425463 0.173437 0.266666,5
72,Kibara_V342_2_23-11-10.png,Kibara_V342_2_23-11-10.txt,/content/drive/MyDrive/chimp_zoo/Zoo_Leipzig_original/Gorilla/Kibara_V342_2_23-11-10.png,/content/drive/MyDrive/chimp_zoo/Zoo_Leipzig_original/Gorilla/Kibara_V342_2_23-11-10.txt,2 0.445052 0.290278 0.167708 0.366667,2
73,V341_2_23-11-10_Kibara.png,V341_2_23-11-10_Kibara.txt,/content/drive/MyDrive/chimp_zoo/Zoo_Leipzig_original/Gorilla/V341_2_23-11-10_Kibara.png,/content/drive/MyDrive/chimp_zoo/Zoo_Leipzig_original/Gorilla/V341_2_23-11-10_Kibara.txt,2 0.523438 0.569445 0.195313 0.402777,2
74,Louna_V360_2_23-11-10.png,Louna_V360_2_23-11-10.txt,/content/drive/MyDrive/chimp_zoo/Zoo_Leipzig_original/Gorilla/Louna_V360_2_23-11-10.png,/content/drive/MyDrive/chimp_zoo/Zoo_Leipzig_original/Gorilla/Louna_V360_2_23-11-10.txt,3 0.505729 0.376389 0.184896 0.3,3
75,Louna_V360_1_23-11-10.png,Louna_V360_1_23-11-10.txt,/content/drive/MyDrive/chimp_zoo/Zoo_Leipzig_original/Gorilla/Louna_V360_1_23-11-10.png,/content/drive/MyDrive/chimp_zoo/Zoo_Leipzig_original/Gorilla/Louna_V360_1_23-11-10.txt,3 0.502865 0.325926 0.175 0.308334,3
76,V341_7_23-11-10_Viringika.png,V341_7_23-11-10_Viringika.txt,/content/drive/MyDrive/chimp_zoo/Zoo_Leipzig_original/Gorilla/V341_7_23-11-10_Viringika.png,/content/drive/MyDrive/chimp_zoo/Zoo_Leipzig_original/Gorilla/V341_7_23-11-10_Viringika.txt,4 0.450521 0.486112 0.191146 0.362037,4
77,Zola_V362_3_23-11-10.png,Zola_V362_3_23-11-10.txt,/content/drive/MyDrive/chimp_zoo/Zoo_Leipzig_original/Gorilla/Zola_V362_3_23-11-10.png,/content/drive/MyDrive/chimp_zoo/Zoo_Leipzig_original/Gorilla/Zola_V362_3_23-11-10.txt,5 0.387587 0.685572 0.130642 0.282407,5
78,Bebe_V357_5_23-11-10.png,Bebe_V357_5_23-11-10.txt,/content/drive/MyDrive/chimp_zoo/Zoo_Leipzig_original/Gorilla/Bebe_V357_5_23-11-10.png,/content/drive/MyDrive/chimp_zoo/Zoo_Leipzig_original/Gorilla/Bebe_V357_5_23-11-10.txt,0 0.473698 0.471297 0.18125 0.380555,0
79,Bebe_V357_6_23-11-10.png,Bebe_V357_6_23-11-10.txt,/content/drive/MyDrive/chimp_zoo/Zoo_Leipzig_original/Gorilla/Bebe_V357_6_23-11-10.png,/content/drive/MyDrive/chimp_zoo/Zoo_Leipzig_original/Gorilla/Bebe_V357_6_23-11-10.txt,0 0.478906 0.475463 0.1875 0.353704,0
80,Viringika_V365_3_23-11-10.png,Viringika_V365_3_23-11-10.txt,/content/drive/MyDrive/chimp_zoo/Zoo_Leipzig_original/Gorilla/Viringika_V365_3_23-11-10.png,/content/drive/MyDrive/chimp_zoo/Zoo_Leipzig_original/Gorilla/Viringika_V365_3_23-11-10.txt,4 0.404731 0.40895 0.18316 0.406637,4
81,Kibara_V342_3_23-11-10_Zola.png,Kibara_V342_3_23-11-10_Zola.txt,/content/drive/MyDrive/chimp_zoo/Zoo_Leipzig_original/Gorilla/Kibara_V342_3_23-11-10_Zola.png,/content/drive/MyDrive/chimp_zoo/Zoo_Leipzig_original/Gorilla/Kibara_V342_3_23-11-10_Zola.txt,2 0.461979 0.519444 0.115104 0.232407,2
82,V341_8_23-11-10_Zola.png,V341_8_23-11-10_Zola.txt,/content/drive/MyDrive/chimp_zoo/Zoo_Leipzig_original/Gorilla/V341_8_23-11-10_Zola.png,/content/drive/MyDrive/chimp_zoo/Zoo_Leipzig_original/Gorilla/V341_8_23-11-10_Zola.txt,5 0.741406 0.619444 0.15 0.260185,5
83,Gorgo_V358_1_23-11-10.png,Gorgo_V358_1_23-11-10.txt,/content/drive/MyDrive/chimp_zoo/Zoo_Leipzig_original/Gorilla/Gorgo_V358_1_23-11-10.png,/content/drive/MyDrive/chimp_zoo/Zoo_Leipzig_original/Gorilla/Gorgo_V358_1_23-11-10.txt,1 0.3375 0.519907 0.18177 0.353703,1
84,Viringika_V361_1_23-11-10.png,Viringika_V361_1_23-11-10.txt,/content/drive/MyDrive/chimp_zoo/Zoo_Leipzig_original/Gorilla/Viringika_V361_1_23-11-10.png,/content/drive/MyDrive/chimp_zoo/Zoo_Leipzig_original/Gorilla/Viringika_V361_1_23-11-10.txt,4 0.416667 0.420139 0.12283 0.214506,4
85,Gorgo_V343_1_23-11-10.png,Gorgo_V343_1_23-11-10.txt,/content/drive/MyDrive/chimp_zoo/Zoo_Leipzig_original/Gorilla/Gorgo_V343_1_23-11-10.png,/content/drive/MyDrive/chimp_zoo/Zoo_Leipzig_original/Gorilla/Gorgo_V343_1_23-11-10.txt,1 0.457813 0.418519 0.191145 0.400925,1
86,Bebe_V357_2_23-11-10.png,Bebe_V357_2_23-11-10.txt,/content/drive/MyDrive/chimp_zoo/Zoo_Leipzig_original/Gorilla/Bebe_V357_2_23-11-10.png,/content/drive/MyDrive/chimp_zoo/Zoo_Leipzig_original/Gorilla/Bebe_V357_2_23-11-10.txt,0 0.413802 0.429167 0.230208 0.487037,0
87,Zola_V362_2_23-11-10.png,Zola_V362_2_23-11-10.txt,/content/drive/MyDrive/chimp_zoo/Zoo_Leipzig_original/Gorilla/Zola_V362_2_23-11-10.png,/content/drive/MyDrive/chimp_zoo/Zoo_Leipzig_original/Gorilla/Zola_V362_2_23-11-10.txt,5 0.38303 0.431327 0.165799 0.292438,5
88,V341_3_23-11-10_Kibara.png,V341_3_23-11-10_Kibara.txt,/content/drive/MyDrive/chimp_zoo/Zoo_Leipzig_original/Gorilla/V341_3_23-11-10_Kibara.png,/content/drive/MyDrive/chimp_zoo/Zoo_Leipzig_original/Gorilla/V341_3_23-11-10_Kibara.txt,2 0.539583 0.624074 0.192187 0.36574,2
89,Bebe_V357_3_23-11-10.png,Bebe_V357_3_23-11-10.txt,/content/drive/MyDrive/chimp_zoo/Zoo_Leipzig_original/Gorilla/Bebe_V357_3_23-11-10.png,/content/drive/MyDrive/chimp_zoo/Zoo_Leipzig_original/Gorilla/Bebe_V357_3_23-11-10.txt,0 0.335938 0.604167 0.194271 0.403704,0
90,Viringika_V365_1_23-11-10.png,Viringika_V365_1_23-11-10.txt,/content/drive/MyDrive/chimp_zoo/Zoo_Leipzig_original/Gorilla/Viringika_V365_1_23-11-10.png,/content/drive/MyDrive/chimp_zoo/Zoo_Leipzig_original/Gorilla/Viringika_V365_1_23-11-10.txt,4 0.433376 0.321373 0.236978 0.388889,4
91,V341_1_23-11-10_Kibara.png,V341_1_23-11-10_Kibara.txt,/content/drive/MyDrive/chimp_zoo/Zoo_Leipzig_original/Gorilla/V341_1_23-11-10_Kibara.png,/content/drive/MyDrive/chimp_zoo/Zoo_Leipzig_original/Gorilla/V341_1_23-11-10_Kibara.txt,2 0.519271 0.546296 0.190104 0.363889,2
92,Viringika_V365_2_23-11-10.png,Viringika_V365_2_23-11-10.txt,/content/drive/MyDrive/chimp_zoo/Zoo_Leipzig_original/Gorilla/Viringika_V365_2_23-11-10.png,/content/drive/MyDrive/chimp_zoo/Zoo_Leipzig_original/Gorilla/Viringika_V365_2_23-11-10.txt,4 0.429686 0.302469 0.241751 0.397376,4
93,V341_5_23-11-10_Viringika.png,V341_5_23-11-10_Viringika.txt,/content/drive/MyDrive/chimp_zoo/Zoo_Leipzig_original/Gorilla/V341_5_23-11-10_Viringika.png,/content/drive/MyDrive/chimp_zoo/Zoo_Leipzig_original/Gorilla/V341_5_23-11-10_Viringika.txt,4 0.388282 0.464352 0.208333 0.407408,4
94,V341_4_23-11-10_Kibara.png,V341_4_23-11-10_Kibara.txt,/content/drive/MyDrive/chimp_zoo/Zoo_Leipzig_original/Gorilla/V341_4_23-11-10_Kibara.png,/content/drive/MyDrive/chimp_zoo/Zoo_Leipzig_original/Gorilla/V341_4_23-11-10_Kibara.txt,2 0.578906 0.380092 0.227083 0.312963,2
95,Gorgo_V344_2_23-11-10.png,Gorgo_V344_2_23-11-10.txt,/content/drive/MyDrive/chimp_zoo/Zoo_Leipzig_original/Gorilla/Gorgo_V344_2_23-11-10.png,/content/drive/MyDrive/chimp_zoo/Zoo_Leipzig_original/Gorilla/Gorgo_V344_2_23-11-10.txt,1 0.316666 0.653703 0.301563 0.562037,1
96,Louna_V72_6_22-07-10.png,Louna_V72_6_22-07-10.txt,/content/drive/MyDrive/chimp_zoo/Zoo_Leipzig_original/Gorilla/Louna_V72_6_22-07-10.png,/content/drive/MyDrive/chimp_zoo/Zoo_Leipzig_original/Gorilla/Louna_V72_6_22-07-10.txt,3 0.558334 0.309723 0.189063 0.314815,3
97,Louna_V79_10_22-07-10.png,Louna_V79_10_22-07-10.txt,/content/drive/MyDrive/chimp_zoo/Zoo_Leipzig_original/Gorilla/Louna_V79_10_22-07-10.png,/content/drive/MyDrive/chimp_zoo/Zoo_Leipzig_original/Gorilla/Louna_V79_10_22-07-10.txt,3 0.536198 0.560185 0.107292 0.223148,3
98,Louna_V79_8_22-07-10.png,Louna_V79_8_22-07-10.txt,/content/drive/MyDrive/chimp_zoo/Zoo_Leipzig_original/Gorilla/Louna_V79_8_22-07-10.png,/content/drive/MyDrive/chimp_zoo/Zoo_Leipzig_original/Gorilla/Louna_V79_8_22-07-10.txt,3 0.559114 0.369445 0.161459 0.289815,3
99,Kibara_V342_4_23-11-10.png,Kibara_V342_4_23-11-10.txt,/content/drive/MyDrive/chimp_zoo/Zoo_Leipzig_original/Gorilla/Kibara_V342_4_23-11-10.png,/content/drive/MyDrive/chimp_zoo/Zoo_Leipzig_original/Gorilla/Kibara_V342_4_23-11-10.txt,2 0.413542 0.393056 0.124479 0.266667,2
100,Louna_V79_6_22-07-10.png,Louna_V79_6_22-07-10.txt,/content/drive/MyDrive/chimp_zoo/Zoo_Leipzig_original/Gorilla/Louna_V79_6_22-07-10.png,/content/drive/MyDrive/chimp_zoo/Zoo_Leipzig_original/Gorilla/Louna_V79_6_22-07-10.txt,3 0.608073 0.416203 0.120834 0.231481,3
101,Louna_V79_5_22-07-10.png,Louna_V79_5_22-07-10.txt,/content/drive/MyDrive/chimp_zoo/Zoo_Leipzig_original/Gorilla/Louna_V79_5_22-07-10.png,/content/drive/MyDrive/chimp_zoo/Zoo_Leipzig_original/Gorilla/Louna_V79_5_22-07-10.txt,3 0.491667 0.498148 0.113021 0.202778,3
102,Louna_V72_5_22-07-10.png,Louna_V72_5_22-07-10.txt,/content/drive/MyDrive/chimp_zoo/Zoo_Leipzig_original/Gorilla/Louna_V72_5_22-07-10.png,/content/drive/MyDrive/chimp_zoo/Zoo_Leipzig_original/Gorilla/Louna_V72_5_22-07-10.txt,3 0.540365 0.3125 0.183333 0.277778,3
103,Bebe_u_Louna_V79_1_22-07-10.png,Bebe_u_Louna_V79_1_22-07-10.txt,/content/drive/MyDrive/chimp_zoo/Zoo_Leipzig_original/Gorilla/Bebe_u_Louna_V79_1_22-07-10.png,/content/drive/MyDrive/chimp_zoo/Zoo_Leipzig_original/Gorilla/Bebe_u_Louna_V79_1_22-07-10.txt,0 0.502084 0.585185 0.132813 0.252778,0
104,Louna_V72_4_22-07-10.png,Louna_V72_4_22-07-10.txt,/content/drive/MyDrive/chimp_zoo/Zoo_Leipzig_original/Gorilla/Louna_V72_4_22-07-10.png,/content/drive/MyDrive/chimp_zoo/Zoo_Leipzig_original/Gorilla/Louna_V72_4_22-07-10.txt,3 0.522136 0.278703 0.196875 0.284259,3
105,Louna_V72_11_22-07-10.png,Louna_V72_11_22-07-10.txt,/content/drive/MyDrive/chimp_zoo/Zoo_Leipzig_original/Gorilla/Louna_V72_11_22-07-10.png,/content/drive/MyDrive/chimp_zoo/Zoo_Leipzig_original/Gorilla/Louna_V72_11_22-07-10.txt,3 0.508854 0.527315 0.171354 0.307408,3
106,Bebe_V70_3_22-07-10.png,Bebe_V70_3_22-07-10.txt,/content/drive/MyDrive/chimp_zoo/Zoo_Leipzig_original/Gorilla/Bebe_V70_3_22-07-10.png,/content/drive/MyDrive/chimp_zoo/Zoo_Leipzig_original/Gorilla/Bebe_V70_3_22-07-10.txt,0 0.552344 0.385185 0.1875 0.410185,0
107,Bebe_u_Louna_V79_2_22-07-10.png,Bebe_u_Louna_V79_2_22-07-10.txt,/content/drive/MyDrive/chimp_zoo/Zoo_Leipzig_original/Gorilla/Bebe_u_Louna_V79_2_22-07-10.png,/content/drive/MyDrive/chimp_zoo/Zoo_Leipzig_original/Gorilla/Bebe_u_Louna_V79_2_22-07-10.txt,0 0.533333 0.777778 0.141146 0.300926,0
108,Louna_V79_12_22-07-10.png,Louna_V79_12_22-07-10.txt,/content/drive/MyDrive/chimp_zoo/Zoo_Leipzig_original/Gorilla/Louna_V79_12_22-07-10.png,/content/drive/MyDrive/chimp_zoo/Zoo_Leipzig_original/Gorilla/Louna_V79_12_22-07-10.txt,3 0.48125 0.623148 0.145312 0.325,3
109,Louna_V72_10_22-07-10.png,Louna_V72_10_22-07-10.txt,/content/drive/MyDrive/chimp_zoo/Zoo_Leipzig_original/Gorilla/Louna_V72_10_22-07-10.png,/content/drive/MyDrive/chimp_zoo/Zoo_Leipzig_original/Gorilla/Louna_V72_10_22-07-10.txt,3 0.353646 0.230092 0.188021 0.307407,3
110,Louna_V79_11_22-07-10.png,Louna_V79_11_22-07-10.txt,/content/drive/MyDrive/chimp_zoo/Zoo_Leipzig_original/Gorilla/Louna_V79_11_22-07-10.png,/content/drive/MyDrive/chimp_zoo/Zoo_Leipzig_original/Gorilla/Louna_V79_11_22-07-10.txt,3 0.542448 0.353241 0.154166 0.275926,3
111,Bebe_V70_11_22-07-10.png,Bebe_V70_11_22-07-10.txt,/content/drive/MyDrive/chimp_zoo/Zoo_Leipzig_original/Gorilla/Bebe_V70_11_22-07-10.png,/content/drive/MyDrive/chimp_zoo/Zoo_Leipzig_original/Gorilla/Bebe_V70_11_22-07-10.txt,0 0.701302 0.596759 0.23125 0.422222,0
112,Louna_V72_1_22-07-10.png,Louna_V72_1_22-07-10.txt,/content/drive/MyDrive/chimp_zoo/Zoo_Leipzig_original/Gorilla/Louna_V72_1_22-07-10.png,/content/drive/MyDrive/chimp_zoo/Zoo_Leipzig_original/Gorilla/Louna_V72_1_22-07-10.txt,3 0.549219 0.388889 0.178125 0.306482,3
113,Bebe_V70_5_22-07-10.png,Bebe_V70_5_22-07-10.txt,/content/drive/MyDrive/chimp_zoo/Zoo_Leipzig_original/Gorilla/Bebe_V70_5_22-07-10.png,/content/drive/MyDrive/chimp_zoo/Zoo_Leipzig_original/Gorilla/Bebe_V70_5_22-07-10.txt,0 0.45 0.281019 0.216146 0.353703,0
114,Bebe_u_Louna_V79_4_22-07-10.png,Bebe_u_Louna_V79_4_22-07-10.txt,/content/drive/MyDrive/chimp_zoo/Zoo_Leipzig_original/Gorilla/Bebe_u_Louna_V79_4_22-07-10.png,/content/drive/MyDrive/chimp_zoo/Zoo_Leipzig_original/Gorilla/Bebe_u_Louna_V79_4_22-07-10.txt,3 0.698959 0.375926 0.125521 0.199074,3
115,Louna_V72_2_22-07-10.png,Louna_V72_2_22-07-10.txt,/content/drive/MyDrive/chimp_zoo/Zoo_Leipzig_original/Gorilla/Louna_V72_2_22-07-10.png,/content/drive/MyDrive/chimp_zoo/Zoo_Leipzig_original/Gorilla/Louna_V72_2_22-07-10.txt,3 0.566407 0.351852 0.189583 0.300926,3
116,Bebe_V70_1_22-07-10.png,Bebe_V70_1_22-07-10.txt,/content/drive/MyDrive/chimp_zoo/Zoo_Leipzig_original/Gorilla/Bebe_V70_1_22-07-10.png,/content/drive/MyDrive/chimp_zoo/Zoo_Leipzig_original/Gorilla/Bebe_V70_1_22-07-10.txt,0 0.666146 0.356944 0.198438 0.401851,0
117,Louna_V79_13_22-07-10.png,Louna_V79_13_22-07-10.txt,/content/drive/MyDrive/chimp_zoo/Zoo_Leipzig_original/Gorilla/Louna_V79_13_22-07-10.png,/content/drive/MyDrive/chimp_zoo/Zoo_Leipzig_original/Gorilla/Louna_V79_13_22-07-10.txt,3 0.375781 0.565278 0.167708 0.303704,3
118,Louna_V72_8_22-07-10.png,Louna_V72_8_22-07-10.txt,/content/drive/MyDrive/chimp_zoo/Zoo_Leipzig_original/Gorilla/Louna_V72_8_22-07-10.png,/content/drive/MyDrive/chimp_zoo/Zoo_Leipzig_original/Gorilla/Louna_V72_8_22-07-10.txt,3 0.660416 0.623611 0.170313 0.364815,3
119,Bebe_V70_7_22-07-10.png,Bebe_V70_7_22-07-10.txt,/content/drive/MyDrive/chimp_zoo/Zoo_Leipzig_original/Gorilla/Bebe_V70_7_22-07-10.png,/content/drive/MyDrive/chimp_zoo/Zoo_Leipzig_original/Gorilla/Bebe_V70_7_22-07-10.txt,0 0.438802 0.23287 0.208334 0.35,0
120,Bebe_V70_12_22-07-10.png,Bebe_V70_12_22-07-10.txt,/content/drive/MyDrive/chimp_zoo/Zoo_Leipzig_original/Gorilla/Bebe_V70_12_22-07-10.png,/content/drive/MyDrive/chimp_zoo/Zoo_Leipzig_original/Gorilla/Bebe_V70_12_22-07-10.txt,0 0.702604 0.613889 0.199479 0.39537,0
121,Bebe_u_Louna_V79_3_22-07-10.png,Bebe_u_Louna_V79_3_22-07-10.txt,/content/drive/MyDrive/chimp_zoo/Zoo_Leipzig_original/Gorilla/Bebe_u_Louna_V79_3_22-07-10.png,/content/drive/MyDrive/chimp_zoo/Zoo_Leipzig_original/Gorilla/Bebe_u_Louna_V79_3_22-07-10.txt,3 0.714844 0.46713 0.1125 0.222222,3
122,Bebe_V70_6_22-07-10.png,Bebe_V70_6_22-07-10.txt,/content/drive/MyDrive/chimp_zoo/Zoo_Leipzig_original/Gorilla/Bebe_V70_6_22-07-10.png,/content/drive/MyDrive/chimp_zoo/Zoo_Leipzig_original/Gorilla/Bebe_V70_6_22-07-10.txt,0 0.438542 0.256018 0.205729 0.337037,0
123,Bebe_V70_4_22-07-10.png,Bebe_V70_4_22-07-10.txt,/content/drive/MyDrive/chimp_zoo/Zoo_Leipzig_original/Gorilla/Bebe_V70_4_22-07-10.png,/content/drive/MyDrive/chimp_zoo/Zoo_Leipzig_original/Gorilla/Bebe_V70_4_22-07-10.txt,0 0.454427 0.322222 0.202084 0.356482,0
124,Louna_V72_7_22-07-10.png,Louna_V72_7_22-07-10.txt,/content/drive/MyDrive/chimp_zoo/Zoo_Leipzig_original/Gorilla/Louna_V72_7_22-07-10.png,/content/drive/MyDrive/chimp_zoo/Zoo_Leipzig_original/Gorilla/Louna_V72_7_22-07-10.txt,3 0.585677 0.323149 0.180208 0.312037,3
125,Louna_V72_3_22-07-10.png,Louna_V72_3_22-07-10.txt,/content/drive/MyDrive/chimp_zoo/Zoo_Leipzig_original/Gorilla/Louna_V72_3_22-07-10.png,/content/drive/MyDrive/chimp_zoo/Zoo_Leipzig_original/Gorilla/Louna_V72_3_22-07-10.txt,3 0.536718 0.296759 0.209375 0.324074,3
126,Bebe_V70_9_22-07-10.png,Bebe_V70_9_22-07-10.txt,/content/drive/MyDrive/chimp_zoo/Zoo_Leipzig_original/Gorilla/Bebe_V70_9_22-07-10.png,/content/drive/MyDrive/chimp_zoo/Zoo_Leipzig_original/Gorilla/Bebe_V70_9_22-07-10.txt,0 0.297917 0.602314 0.198437 0.366667,0
127,Louna_u_Zola_V314_1_19-10-10.png,Louna_u_Zola_V314_1_19-10-10.txt,/content/drive/MyDrive/chimp_zoo/Zoo_Leipzig_original/Gorilla/Louna_u_Zola_V314_1_19-10-10.png,/content/drive/MyDrive/chimp_zoo/Zoo_Leipzig_original/Gorilla/Louna_u_Zola_V314_1_19-10-10.txt,5 0.657812 0.378703 0.078645 0.163889,5
128,Louna_V79_9_22-07-10.png,Louna_V79_9_22-07-10.txt,/content/drive/MyDrive/chimp_zoo/Zoo_Leipzig_original/Gorilla/Louna_V79_9_22-07-10.png,/content/drive/MyDrive/chimp_zoo/Zoo_Leipzig_original/Gorilla/Louna_V79_9_22-07-10.txt,3 0.558073 0.401852 0.161458 0.29537,3
129,Louna_V310_4_19-10-10.png,Louna_V310_4_19-10-10.txt,/content/drive/MyDrive/chimp_zoo/Zoo_Leipzig_original/Gorilla/Louna_V310_4_19-10-10.png,/content/drive/MyDrive/chimp_zoo/Zoo_Leipzig_original/Gorilla/Louna_V310_4_19-10-10.txt,3 0.465104 0.359722 0.190104 0.390741,3
130,Louna_V310_7_19-10-10.png,Louna_V310_7_19-10-10.txt,/content/drive/MyDrive/chimp_zoo/Zoo_Leipzig_original/Gorilla/Louna_V310_7_19-10-10.png,/content/drive/MyDrive/chimp_zoo/Zoo_Leipzig_original/Gorilla/Louna_V310_7_19-10-10.txt,3 0.40651 0.421759 0.214583 0.344444,3
131,Louna_V310_6_19-10-10.png,Louna_V310_6_19-10-10.txt,/content/drive/MyDrive/chimp_zoo/Zoo_Leipzig_original/Gorilla/Louna_V310_6_19-10-10.png,/content/drive/MyDrive/chimp_zoo/Zoo_Leipzig_original/Gorilla/Louna_V310_6_19-10-10.txt,3 0.674219 0.600463 0.173958 0.342592,3
132,Louna_V310_3_19-10-10.png,Louna_V310_3_19-10-10.txt,/content/drive/MyDrive/chimp_zoo/Zoo_Leipzig_original/Gorilla/Louna_V310_3_19-10-10.png,/content/drive/MyDrive/chimp_zoo/Zoo_Leipzig_original/Gorilla/Louna_V310_3_19-10-10.txt,3 0.421094 0.695371 0.210417 0.493519,3
133,Bebe_V70_8_22-07-10.png,Bebe_V70_8_22-07-10.txt,/content/drive/MyDrive/chimp_zoo/Zoo_Leipzig_original/Gorilla/Bebe_V70_8_22-07-10.png,/content/drive/MyDrive/chimp_zoo/Zoo_Leipzig_original/Gorilla/Bebe_V70_8_22-07-10.txt,0 0.484635 0.531945 0.171875 0.442593,0
134,Bebe_V70_2_22-07-10.png,Bebe_V70_2_22-07-10.txt,/content/drive/MyDrive/chimp_zoo/Zoo_Leipzig_original/Gorilla/Bebe_V70_2_22-07-10.png,/content/drive/MyDrive/chimp_zoo/Zoo_Leipzig_original/Gorilla/Bebe_V70_2_22-07-10.txt,0 0.638542 0.39074 0.191146 0.413889,0
135,Louna_V72_9_22-07-10.png,Louna_V72_9_22-07-10.txt,/content/drive/MyDrive/chimp_zoo/Zoo_Leipzig_original/Gorilla/Louna_V72_9_22-07-10.png,/content/drive/MyDrive/chimp_zoo/Zoo_Leipzig_original/Gorilla/Louna_V72_9_22-07-10.txt,3 0.325 0.249537 0.182812 0.327778,3
136,Kibara_V454_5_16-12-10.png,Kibara_V454_5_16-12-10.txt,/content/drive/MyDrive/chimp_zoo/Zoo_Leipzig_original/Gorilla/Kibara_V454_5_16-12-10.png,/content/drive/MyDrive/chimp_zoo/Zoo_Leipzig_original/Gorilla/Kibara_V454_5_16-12-10.txt,2 0.459375 0.364815 0.134896 0.273148,2
137,Viringika_u_Kibara_V467_3_16-12-10.png,Viringika_u_Kibara_V467_3_16-12-10.txt,/content/drive/MyDrive/chimp_zoo/Zoo_Leipzig_original/Gorilla/Viringika_u_Kibara_V467_3_16-12-10.png,/content/drive/MyDrive/chimp_zoo/Zoo_Leipzig_original/Gorilla/Viringika_u_Kibara_V467_3_16-12-10.txt,4 0.292448 0.446759 0.130208 0.248148,4
138,Viringika_u_Kibara_V467_1_16-12-10.png,Viringika_u_Kibara_V467_1_16-12-10.txt,/content/drive/MyDrive/chimp_zoo/Zoo_Leipzig_original/Gorilla/Viringika_u_Kibara_V467_1_16-12-10.png,/content/drive/MyDrive/chimp_zoo/Zoo_Leipzig_original/Gorilla/Viringika_u_Kibara_V467_1_16-12-10.txt,4 0.31276 0.447222 0.11875 0.247222,4
139,Zola_V468_1_16-12-10.png,Zola_V468_1_16-12-10.txt,/content/drive/MyDrive/chimp_zoo/Zoo_Leipzig_original/Gorilla/Zola_V468_1_16-12-10.png,/content/drive/MyDrive/chimp_zoo/Zoo_Leipzig_original/Gorilla/Zola_V468_1_16-12-10.txt,5 0.472656 0.472222 0.155208 0.336111,5
140,Viringika_V452_2_16-12-10.png,Viringika_V452_2_16-12-10.txt,/content/drive/MyDrive/chimp_zoo/Zoo_Leipzig_original/Gorilla/Viringika_V452_2_16-12-10.png,/content/drive/MyDrive/chimp_zoo/Zoo_Leipzig_original/Gorilla/Viringika_V452_2_16-12-10.txt,4 0.657031 0.503703 0.145833 0.315741,4
141,Viringika_u_Zola_V461_3_16-12-10.png,Viringika_u_Zola_V461_3_16-12-10.txt,/content/drive/MyDrive/chimp_zoo/Zoo_Leipzig_original/Gorilla/Viringika_u_Zola_V461_3_16-12-10.png,/content/drive/MyDrive/chimp_zoo/Zoo_Leipzig_original/Gorilla/Viringika_u_Zola_V461_3_16-12-10.txt,4 0.280208 0.238426 0.102604 0.212963,4
142,Viringika_V469_2_16-12-10.png,Viringika_V469_2_16-12-10.txt,/content/drive/MyDrive/chimp_zoo/Zoo_Leipzig_original/Gorilla/Viringika_V469_2_16-12-10.png,/content/drive/MyDrive/chimp_zoo/Zoo_Leipzig_original/Gorilla/Viringika_V469_2_16-12-10.txt,4 0.342708 0.390741 0.175521 0.30463,4
143,Kibara_V454_1_16-12-10.png,Kibara_V454_1_16-12-10.txt,/content/drive/MyDrive/chimp_zoo/Zoo_Leipzig_original/Gorilla/Kibara_V454_1_16-12-10.png,/content/drive/MyDrive/chimp_zoo/Zoo_Leipzig_original/Gorilla/Kibara_V454_1_16-12-10.txt,2 0.582292 0.312963 0.108854 0.217592,2
144,Gorgo_V462_2_16-12-10.png,Gorgo_V462_2_16-12-10.txt,/content/drive/MyDrive/chimp_zoo/Zoo_Leipzig_original/Gorilla/Gorgo_V462_2_16-12-10.png,/content/drive/MyDrive/chimp_zoo/Zoo_Leipzig_original/Gorilla/Gorgo_V462_2_16-12-10.txt,1 0.639323 0.293982 0.148958 0.301851,1
145,Viringika_V452_1_16-12-10.png,Viringika_V452_1_16-12-10.txt,/content/drive/MyDrive/chimp_zoo/Zoo_Leipzig_original/Gorilla/Viringika_V452_1_16-12-10.png,/content/drive/MyDrive/chimp_zoo/Zoo_Leipzig_original/Gorilla/Viringika_V452_1_16-12-10.txt,4 0.600261 0.497686 0.180209 0.333333,4
146,Bebe_V70_10_22-07-10.png,Bebe_V70_10_22-07-10.txt,/content/drive/MyDrive/chimp_zoo/Zoo_Leipzig_original/Gorilla/Bebe_V70_10_22-07-10.png,/content/drive/MyDrive/chimp_zoo/Zoo_Leipzig_original/Gorilla/Bebe_V70_10_22-07-10.txt,0 0.454687 0.574537 0.172395 0.372222,0
147,Gorgo_V462_1_16-12-10.png,Gorgo_V462_1_16-12-10.txt,/content/drive/MyDrive/chimp_zoo/Zoo_Leipzig_original/Gorilla/Gorgo_V462_1_16-12-10.png,/content/drive/MyDrive/chimp_zoo/Zoo_Leipzig_original/Gorilla/Gorgo_V462_1_16-12-10.txt,1 0.558334 0.431018 0.175521 0.366667,1
148,Viringika_u_Zola_V461_2_16-12-10.png,Viringika_u_Zola_V461_2_16-12-10.txt,/content/drive/MyDrive/chimp_zoo/Zoo_Leipzig_original/Gorilla/Viringika_u_Zola_V461_2_16-12-10.png,/content/drive/MyDrive/chimp_zoo/Zoo_Leipzig_original/Gorilla/Viringika_u_Zola_V461_2_16-12-10.txt,4 0.27474 0.230093 0.102083 0.201852,4
149,Kibara_V454_4_16-12-10.png,Kibara_V454_4_16-12-10.txt,/content/drive/MyDrive/chimp_zoo/Zoo_Leipzig_original/Gorilla/Kibara_V454_4_16-12-10.png,/content/drive/MyDrive/chimp_zoo/Zoo_Leipzig_original/Gorilla/Kibara_V454_4_16-12-10.txt,2 0.584375 0.346759 0.172396 0.361111,2
150,Viringika_V452_3_16-12-10.png,Viringika_V452_3_16-12-10.txt,/content/drive/MyDrive/chimp_zoo/Zoo_Leipzig_original/Gorilla/Viringika_V452_3_16-12-10.png,/content/drive/MyDrive/chimp_zoo/Zoo_Leipzig_original/Gorilla/Viringika_V452_3_16-12-10.txt,4 0.584375 0.298611 0.190104 0.30926,4
151,Louna_V310_1_19-10-10.png,Louna_V310_1_19-10-10.txt,/content/drive/MyDrive/chimp_zoo/Zoo_Leipzig_original/Gorilla/Louna_V310_1_19-10-10.png,/content/drive/MyDrive/chimp_zoo/Zoo_Leipzig_original/Gorilla/Louna_V310_1_19-10-10.txt,3 0.428646 0.364351 0.145312 0.288889,3
152,Zola_V459_2_16-12-10.png,Zola_V459_2_16-12-10.txt,/content/drive/MyDrive/chimp_zoo/Zoo_Leipzig_original/Gorilla/Zola_V459_2_16-12-10.png,/content/drive/MyDrive/chimp_zoo/Zoo_Leipzig_original/Gorilla/Zola_V459_2_16-12-10.txt,5 0.502344 0.481944 0.067708 0.116667,5
153,Zola_V468_2_16-12-10.png,Zola_V468_2_16-12-10.txt,/content/drive/MyDrive/chimp_zoo/Zoo_Leipzig_original/Gorilla/Zola_V468_2_16-12-10.png,/content/drive/MyDrive/chimp_zoo/Zoo_Leipzig_original/Gorilla/Zola_V468_2_16-12-10.txt,5 0.412239 0.531945 0.132291 0.187037,5
154,Louna_V310_8_19-10-10.png,Louna_V310_8_19-10-10.txt,/content/drive/MyDrive/chimp_zoo/Zoo_Leipzig_original/Gorilla/Louna_V310_8_19-10-10.png,/content/drive/MyDrive/chimp_zoo/Zoo_Leipzig_original/Gorilla/Louna_V310_8_19-10-10.txt,3 0.545834 0.504166 0.201563 0.357407,3
155,Viringika_u_Kibara_V467_2_16-12-10.png,Viringika_u_Kibara_V467_2_16-12-10.txt,/content/drive/MyDrive/chimp_zoo/Zoo_Leipzig_original/Gorilla/Viringika_u_Kibara_V467_2_16-12-10.png,/content/drive/MyDrive/chimp_zoo/Zoo_Leipzig_original/Gorilla/Viringika_u_Kibara_V467_2_16-12-10.txt,4 0.292708 0.44537 0.130729 0.247222,4
156,Louna_V79_7_22-07-10.png,Louna_V79_7_22-07-10.txt,/content/drive/MyDrive/chimp_zoo/Zoo_Leipzig_original/Gorilla/Louna_V79_7_22-07-10.png,/content/drive/MyDrive/chimp_zoo/Zoo_Leipzig_original/Gorilla/Louna_V79_7_22-07-10.txt,3 0.515625 0.479166 0.101562 0.207407,3
157,Louna_V310_2_19-10-10.png,Louna_V310_2_19-10-10.txt,/content/drive/MyDrive/chimp_zoo/Zoo_Leipzig_original/Gorilla/Louna_V310_2_19-10-10.png,/content/drive/MyDrive/chimp_zoo/Zoo_Leipzig_original/Gorilla/Louna_V310_2_19-10-10.txt,3 0.480209 0.731944 0.136979 0.325926,3
158,Zola_V314_19-10-10.png,Zola_V314_19-10-10.txt,/content/drive/MyDrive/chimp_zoo/Zoo_Leipzig_original/Gorilla/Zola_V314_19-10-10.png,/content/drive/MyDrive/chimp_zoo/Zoo_Leipzig_original/Gorilla/Zola_V314_19-10-10.txt,5 0.33099 0.260648 0.101041 0.181482,5
159,Zola_V468_4_16-12-10.png,Zola_V468_4_16-12-10.txt,/content/drive/MyDrive/chimp_zoo/Zoo_Leipzig_original/Gorilla/Zola_V468_4_16-12-10.png,/content/drive/MyDrive/chimp_zoo/Zoo_Leipzig_original/Gorilla/Zola_V468_4_16-12-10.txt,5 0.390885 0.245833 0.079167 0.146296,5
169,Louna_V311_2_19-10-10.png,Louna_V311_2_19-10-10.txt,/content/drive/MyDrive/chimp_zoo/Zoo_Leipzig_original/Gorilla/Louna_V311_2_19-10-10.png,/content/drive/MyDrive/chimp_zoo/Zoo_Leipzig_original/Gorilla/Louna_V311_2_19-10-10.txt,3 0.411458 0.552778 0.173437 0.302778,3
170,Zola_V468_3_16-12-10.png,Zola_V468_3_16-12-10.txt,/content/drive/MyDrive/chimp_zoo/Zoo_Leipzig_original/Gorilla/Zola_V468_3_16-12-10.png,/content/drive/MyDrive/chimp_zoo/Zoo_Leipzig_original/Gorilla/Zola_V468_3_16-12-10.txt,5 0.361718 0.537037 0.222917 0.328704,5
176,Viringika_u_Zola_V461_1_16-12-10.png,Viringika_u_Zola_V461_1_16-12-10.txt,/content/drive/MyDrive/chimp_zoo/Zoo_Leipzig_original/Gorilla/Viringika_u_Zola_V461_1_16-12-10.png,/content/drive/MyDrive/chimp_zoo/Zoo_Leipzig_original/Gorilla/Viringika_u_Zola_V461_1_16-12-10.txt,4 0.274218 0.227778 0.102083 0.206482,4
179,V341_9_23-11-10_Viringika.png,V341_9_23-11-10_Viringika.txt,/content/drive/MyDrive/chimp_zoo/Zoo_Leipzig_original/Gorilla/V341_9_23-11-10_Viringika.png,/content/drive/MyDrive/chimp_zoo/Zoo_Leipzig_original/Gorilla/V341_9_23-11-10_Viringika.txt,4 0.594792 0.531019 0.200521 0.385185,4
181,Louna_u_Zola_V314_2_19-10-10.png,Louna_u_Zola_V314_2_19-10-10.txt,/content/drive/MyDrive/chimp_zoo/Zoo_Leipzig_original/Gorilla/Louna_u_Zola_V314_2_19-10-10.png,/content/drive/MyDrive/chimp_zoo/Zoo_Leipzig_original/Gorilla/Louna_u_Zola_V314_2_19-10-10.txt,5 0.642969 0.345834 0.086458 0.140741,5
183,V341_6_23-11-10_Viringika.png,V341_6_23-11-10_Viringika.txt,/content/drive/MyDrive/chimp_zoo/Zoo_Leipzig_original/Gorilla/V341_6_23-11-10_Viringika.png,/content/drive/MyDrive/chimp_zoo/Zoo_Leipzig_original/Gorilla/V341_6_23-11-10_Viringika.txt,4 0.417969 0.443055 0.192708 0.387037,4
184,Viringika_V469_1_16-12-10.png,Viringika_V469_1_16-12-10.txt,/content/drive/MyDrive/chimp_zoo/Zoo_Leipzig_original/Gorilla/Viringika_V469_1_16-12-10.png,/content/drive/MyDrive/chimp_zoo/Zoo_Leipzig_original/Gorilla/Viringika_V469_1_16-12-10.txt,4 0.522917 0.448611 0.155729 0.346296,4
186,Gorgo_V344_1_23-11-10.png,Gorgo_V344_1_23-11-10.txt,/content/drive/MyDrive/chimp_zoo/Zoo_Leipzig_original/Gorilla/Gorgo_V344_1_23-11-10.png,/content/drive/MyDrive/chimp_zoo/Zoo_Leipzig_original/Gorilla/Gorgo_V344_1_23-11-10.txt,1 0.422396 0.565277 0.274479 0.538889,1
187,Louna_V311_1_19-10-10.png,Louna_V311_1_19-10-10.txt,/content/drive/MyDrive/chimp_zoo/Zoo_Leipzig_original/Gorilla/Louna_V311_1_19-10-10.png,/content/drive/MyDrive/chimp_zoo/Zoo_Leipzig_original/Gorilla/Louna_V311_1_19-10-10.txt,3 0.478125 0.590278 0.157812 0.290741,3
189,Louna_V310_5_19-10-10.png,Louna_V310_5_19-10-10.txt,/content/drive/MyDrive/chimp_zoo/Zoo_Leipzig_original/Gorilla/Louna_V310_5_19-10-10.png,/content/drive/MyDrive/chimp_zoo/Zoo_Leipzig_original/Gorilla/Louna_V310_5_19-10-10.txt,3 0.457031 0.538889 0.198958 0.373148,3
190,Zola_V460_1_16-12-10.png,Zola_V460_1_16-12-10.txt,/content/drive/MyDrive/chimp_zoo/Zoo_Leipzig_original/Gorilla/Zola_V460_1_16-12-10.png,/content/drive/MyDrive/chimp_zoo/Zoo_Leipzig_original/Gorilla/Zola_V460_1_16-12-10.txt,5 0.558072 0.652778 0.071875 0.126852,5
191,Kibara_V454_3_16-12-10.png,Kibara_V454_3_16-12-10.txt,/content/drive/MyDrive/chimp_zoo/Zoo_Leipzig_original/Gorilla/Kibara_V454_3_16-12-10.png,/content/drive/MyDrive/chimp_zoo/Zoo_Leipzig_original/Gorilla/Kibara_V454_3_16-12-10.txt,2 0.630208 0.270834 0.133854 0.257407,2
192,Bebe_V421_3_14-12-10.png,Bebe_V421_3_14-12-10.txt,/content/drive/MyDrive/chimp_zoo/Zoo_Leipzig_original/Gorilla/Bebe_V421_3_14-12-10.png,/content/drive/MyDrive/chimp_zoo/Zoo_Leipzig_original/Gorilla/Bebe_V421_3_14-12-10.txt,0 0.394532 0.45 0.195833 0.317592,0
193,Kibara_V439_1_14-12-10.png,Kibara_V439_1_14-12-10.txt,/content/drive/MyDrive/chimp_zoo/Zoo_Leipzig_original/Gorilla/Kibara_V439_1_14-12-10.png,/content/drive/MyDrive/chimp_zoo/Zoo_Leipzig_original/Gorilla/Kibara_V439_1_14-12-10.txt,2 0.318489 0.323611 0.145833 0.27037,2
194,Kibara_V439_2_14-12-10.png,Kibara_V439_2_14-12-10.txt,/content/drive/MyDrive/chimp_zoo/Zoo_Leipzig_original/Gorilla/Kibara_V439_2_14-12-10.png,/content/drive/MyDrive/chimp_zoo/Zoo_Leipzig_original/Gorilla/Kibara_V439_2_14-12-10.txt,2 0.33724 0.285649 0.160417 0.261111,2
195,Louna_u_Zola_V434_3_14-12-10.png,Louna_u_Zola_V434_3_14-12-10.txt,/content/drive/MyDrive/chimp_zoo/Zoo_Leipzig_original/Gorilla/Louna_u_Zola_V434_3_14-12-10.png,/content/drive/MyDrive/chimp_zoo/Zoo_Leipzig_original/Gorilla/Louna_u_Zola_V434_3_14-12-10.txt,3 0.708333 0.612963 0.094271 0.193518,3
196,Zola_V448_1_14-12-10.png,Zola_V448_1_14-12-10.txt,/content/drive/MyDrive/chimp_zoo/Zoo_Leipzig_original/Gorilla/Zola_V448_1_14-12-10.png,/content/drive/MyDrive/chimp_zoo/Zoo_Leipzig_original/Gorilla/Zola_V448_1_14-12-10.txt,5 0.622135 0.441203 0.197917 0.281481,5
197,Viringika_V425_2_14-12-10_Zola.png,Viringika_V425_2_14-12-10_Zola.txt,/content/drive/MyDrive/chimp_zoo/Zoo_Leipzig_original/Gorilla/Viringika_V425_2_14-12-10_Zola.png,/content/drive/MyDrive/chimp_zoo/Zoo_Leipzig_original/Gorilla/Viringika_V425_2_14-12-10_Zola.txt,5 0.424739 0.281944 0.178125 0.290741,5
198,Zola_V418_4_14-12-10.png,Zola_V418_4_14-12-10.txt,/content/drive/MyDrive/chimp_zoo/Zoo_Leipzig_original/Gorilla/Zola_V418_4_14-12-10.png,/content/drive/MyDrive/chimp_zoo/Zoo_Leipzig_original/Gorilla/Zola_V418_4_14-12-10.txt,5 0.455469 0.764814 0.18125 0.310185,5
199,Viringika_V432_4_14-12-10.png,Viringika_V432_4_14-12-10.txt,/content/drive/MyDrive/chimp_zoo/Zoo_Leipzig_original/Gorilla/Viringika_V432_4_14-12-10.png,/content/drive/MyDrive/chimp_zoo/Zoo_Leipzig_original/Gorilla/Viringika_V432_4_14-12-10.txt,4 0.428646 0.466667 0.255729 0.456481,4
200,Viringika_V417_1_14-12-10.png,Viringika_V417_1_14-12-10.txt,/content/drive/MyDrive/chimp_zoo/Zoo_Leipzig_original/Gorilla/Viringika_V417_1_14-12-10.png,/content/drive/MyDrive/chimp_zoo/Zoo_Leipzig_original/Gorilla/Viringika_V417_1_14-12-10.txt,4 0.459635 0.443518 0.126041 0.250925,4
201,Viringika_V425_3_14-12-10_Zola.png,Viringika_V425_3_14-12-10_Zola.txt,/content/drive/MyDrive/chimp_zoo/Zoo_Leipzig_original/Gorilla/Viringika_V425_3_14-12-10_Zola.png,/content/drive/MyDrive/chimp_zoo/Zoo_Leipzig_original/Gorilla/Viringika_V425_3_14-12-10_Zola.txt,5 0.405729 0.4375 0.177604 0.361112,5
202,Viringika_V425_1_14-12-10_Zola.png,Viringika_V425_1_14-12-10_Zola.txt,/content/drive/MyDrive/chimp_zoo/Zoo_Leipzig_original/Gorilla/Viringika_V425_1_14-12-10_Zola.png,/content/drive/MyDrive/chimp_zoo/Zoo_Leipzig_original/Gorilla/Viringika_V425_1_14-12-10_Zola.txt,5 0.403907 0.350463 0.172917 0.303704,5
203,Viringika_V425_7_14-12-10.png,Viringika_V425_7_14-12-10.txt,/content/drive/MyDrive/chimp_zoo/Zoo_Leipzig_original/Gorilla/Viringika_V425_7_14-12-10.png,/content/drive/MyDrive/chimp_zoo/Zoo_Leipzig_original/Gorilla/Viringika_V425_7_14-12-10.txt,4 0.284635 0.330556 0.170833 0.325,4
204,Viringika_V425_9_14-12-10.png,Viringika_V425_9_14-12-10.txt,/content/drive/MyDrive/chimp_zoo/Zoo_Leipzig_original/Gorilla/Viringika_V425_9_14-12-10.png,/content/drive/MyDrive/chimp_zoo/Zoo_Leipzig_original/Gorilla/Viringika_V425_9_14-12-10.txt,4 0.333333 0.311574 0.191146 0.335186,4
205,Viringika_V432_2_14-12-10.png,Viringika_V432_2_14-12-10.txt,/content/drive/MyDrive/chimp_zoo/Zoo_Leipzig_original/Gorilla/Viringika_V432_2_14-12-10.png,/content/drive/MyDrive/chimp_zoo/Zoo_Leipzig_original/Gorilla/Viringika_V432_2_14-12-10.txt,4 0.528125 0.524537 0.252604 0.462963,4
206,Viringika_V432_1_14-12-10.png,Viringika_V432_1_14-12-10.txt,/content/drive/MyDrive/chimp_zoo/Zoo_Leipzig_original/Gorilla/Viringika_V432_1_14-12-10.png,/content/drive/MyDrive/chimp_zoo/Zoo_Leipzig_original/Gorilla/Viringika_V432_1_14-12-10.txt,4 0.443489 0.501389 0.248959 0.498148,4
207,Viringika_V432_3_14-12-10.png,Viringika_V432_3_14-12-10.txt,/content/drive/MyDrive/chimp_zoo/Zoo_Leipzig_original/Gorilla/Viringika_V432_3_14-12-10.png,/content/drive/MyDrive/chimp_zoo/Zoo_Leipzig_original/Gorilla/Viringika_V432_3_14-12-10.txt,4 0.549219 0.49074 0.248958 0.458333,4
208,Kibara_V431_3_14-12-10.png,Kibara_V431_3_14-12-10.txt,/content/drive/MyDrive/chimp_zoo/Zoo_Leipzig_original/Gorilla/Kibara_V431_3_14-12-10.png,/content/drive/MyDrive/chimp_zoo/Zoo_Leipzig_original/Gorilla/Kibara_V431_3_14-12-10.txt,2 0.521614 0.486111 0.171875 0.34537,2
209,Viringika_V425_5_14-12-10.png,Viringika_V425_5_14-12-10.txt,/content/drive/MyDrive/chimp_zoo/Zoo_Leipzig_original/Gorilla/Viringika_V425_5_14-12-10.png,/content/drive/MyDrive/chimp_zoo/Zoo_Leipzig_original/Gorilla/Viringika_V425_5_14-12-10.txt,4 0.416666 0.397685 0.194271 0.314815,4
210,Zola_V448_2_14-12-10.png,Zola_V448_2_14-12-10.txt,/content/drive/MyDrive/chimp_zoo/Zoo_Leipzig_original/Gorilla/Zola_V448_2_14-12-10.png,/content/drive/MyDrive/chimp_zoo/Zoo_Leipzig_original/Gorilla/Zola_V448_2_14-12-10.txt,5 0.529428 0.478241 0.184375 0.327778,5
211,Louna_u_Zola_V434_1_14-12-10.png,Louna_u_Zola_V434_1_14-12-10.txt,/content/drive/MyDrive/chimp_zoo/Zoo_Leipzig_original/Gorilla/Louna_u_Zola_V434_1_14-12-10.png,/content/drive/MyDrive/chimp_zoo/Zoo_Leipzig_original/Gorilla/Louna_u_Zola_V434_1_14-12-10.txt,3 0.532292 0.458796 0.096354 0.174074,3
212,Louna_u_Zola_V434_2_14-12-10.png,Louna_u_Zola_V434_2_14-12-10.txt,/content/drive/MyDrive/chimp_zoo/Zoo_Leipzig_original/Gorilla/Louna_u_Zola_V434_2_14-12-10.png,/content/drive/MyDrive/chimp_zoo/Zoo_Leipzig_original/Gorilla/Louna_u_Zola_V434_2_14-12-10.txt,3 0.534636 0.431944 0.096875 0.175926,3
213,Kibara_V431_1_14-12-10.png,Kibara_V431_1_14-12-10.txt,/content/drive/MyDrive/chimp_zoo/Zoo_Leipzig_original/Gorilla/Kibara_V431_1_14-12-10.png,/content/drive/MyDrive/chimp_zoo/Zoo_Leipzig_original/Gorilla/Kibara_V431_1_14-12-10.txt,2 0.445312 0.505092 0.231771 0.457407,2
214,Viringika_V425_6_14-12-10.png,Viringika_V425_6_14-12-10.txt,/content/drive/MyDrive/chimp_zoo/Zoo_Leipzig_original/Gorilla/Viringika_V425_6_14-12-10.png,/content/drive/MyDrive/chimp_zoo/Zoo_Leipzig_original/Gorilla/Viringika_V425_6_14-12-10.txt,4 0.310416 0.363889 0.180729 0.33426,4
215,Viringika_V425_8_14-12-10.png,Viringika_V425_8_14-12-10.txt,/content/drive/MyDrive/chimp_zoo/Zoo_Leipzig_original/Gorilla/Viringika_V425_8_14-12-10.png,/content/drive/MyDrive/chimp_zoo/Zoo_Leipzig_original/Gorilla/Viringika_V425_8_14-12-10.txt,4 0.333334 0.285185 0.174479 0.336111,4
216,Bebe_V424_1_14-12-10.png,Bebe_V424_1_14-12-10.txt,/content/drive/MyDrive/chimp_zoo/Zoo_Leipzig_original/Gorilla/Bebe_V424_1_14-12-10.png,/content/drive/MyDrive/chimp_zoo/Zoo_Leipzig_original/Gorilla/Bebe_V424_1_14-12-10.txt,0 0.447136 0.449074 0.185417 0.356482,0
217,Bebe_V421_1_14-12-10.png,Bebe_V421_1_14-12-10.txt,/content/drive/MyDrive/chimp_zoo/Zoo_Leipzig_original/Gorilla/Bebe_V421_1_14-12-10.png,/content/drive/MyDrive/chimp_zoo/Zoo_Leipzig_original/Gorilla/Bebe_V421_1_14-12-10.txt,0 0.538542 0.401389 0.204687 0.344444,0
218,Kibara_V272_1_12-10-10.png,Kibara_V272_1_12-10-10.txt,/content/drive/MyDrive/chimp_zoo/Zoo_Leipzig_original/Gorilla/Kibara_V272_1_12-10-10.png,/content/drive/MyDrive/chimp_zoo/Zoo_Leipzig_original/Gorilla/Kibara_V272_1_12-10-10.txt,2 0.548698 0.392593 0.127084 0.275,2
219,Zola_V418_2_14-12-10.png,Zola_V418_2_14-12-10.txt,/content/drive/MyDrive/chimp_zoo/Zoo_Leipzig_original/Gorilla/Zola_V418_2_14-12-10.png,/content/drive/MyDrive/chimp_zoo/Zoo_Leipzig_original/Gorilla/Zola_V418_2_14-12-10.txt,5 0.384896 0.380092 0.124479 0.235185,5
220,Zola_V418_1_14-12-10.png,Zola_V418_1_14-12-10.txt,/content/drive/MyDrive/chimp_zoo/Zoo_Leipzig_original/Gorilla/Zola_V418_1_14-12-10.png,/content/drive/MyDrive/chimp_zoo/Zoo_Leipzig_original/Gorilla/Zola_V418_1_14-12-10.txt,5 0.398698 0.365741 0.123958 0.250926,5
221,Viringika_V425_4_14-12-10.png,Viringika_V425_4_14-12-10.txt,/content/drive/MyDrive/chimp_zoo/Zoo_Leipzig_original/Gorilla/Viringika_V425_4_14-12-10.png,/content/drive/MyDrive/chimp_zoo/Zoo_Leipzig_original/Gorilla/Viringika_V425_4_14-12-10.txt,4 0.489844 0.462963 0.2375 0.44537,4
222,Viringika_V425_10_14-12-10.png,Viringika_V425_10_14-12-10.txt,/content/drive/MyDrive/chimp_zoo/Zoo_Leipzig_original/Gorilla/Viringika_V425_10_14-12-10.png,/content/drive/MyDrive/chimp_zoo/Zoo_Leipzig_original/Gorilla/Viringika_V425_10_14-12-10.txt,4 0.374479 0.314815 0.203646 0.319444,4
223,Kibara_V431_2_14-12-10.png,Kibara_V431_2_14-12-10.txt,/content/drive/MyDrive/chimp_zoo/Zoo_Leipzig_original/Gorilla/Kibara_V431_2_14-12-10.png,/content/drive/MyDrive/chimp_zoo/Zoo_Leipzig_original/Gorilla/Kibara_V431_2_14-12-10.txt,2 0.452865 0.559722 0.205209 0.424074,2
224,Louna_V267_2_12-10-10.png,Louna_V267_2_12-10-10.txt,/content/drive/MyDrive/chimp_zoo/Zoo_Leipzig_original/Gorilla/Louna_V267_2_12-10-10.png,/content/drive/MyDrive/chimp_zoo/Zoo_Leipzig_original/Gorilla/Louna_V267_2_12-10-10.txt,3 0.434635 0.284722 0.11875 0.274074,3
225,Gorgo_V269_1_12-10-10.png,Gorgo_V269_1_12-10-10.txt,/content/drive/MyDrive/chimp_zoo/Zoo_Leipzig_original/Gorilla/Gorgo_V269_1_12-10-10.png,/content/drive/MyDrive/chimp_zoo/Zoo_Leipzig_original/Gorilla/Gorgo_V269_1_12-10-10.txt,1 0.476562 0.515741 0.148437 0.371296,1
226,Gorgo_V269_2_12-10-10.png,Gorgo_V269_2_12-10-10.txt,/content/drive/MyDrive/chimp_zoo/Zoo_Leipzig_original/Gorilla/Gorgo_V269_2_12-10-10.png,/content/drive/MyDrive/chimp_zoo/Zoo_Leipzig_original/Gorilla/Gorgo_V269_2_12-10-10.txt,1 0.490104 0.476389 0.157812 0.325926,1
227,Kibara_V431_4_14-12-10.png,Kibara_V431_4_14-12-10.txt,/content/drive/MyDrive/chimp_zoo/Zoo_Leipzig_original/Gorilla/Kibara_V431_4_14-12-10.png,/content/drive/MyDrive/chimp_zoo/Zoo_Leipzig_original/Gorilla/Kibara_V431_4_14-12-10.txt,2 0.533073 0.446296 0.151042 0.358333,2
228,Zola_V418_3_14-12-10.png,Zola_V418_3_14-12-10.txt,/content/drive/MyDrive/chimp_zoo/Zoo_Leipzig_original/Gorilla/Zola_V418_3_14-12-10.png,/content/drive/MyDrive/chimp_zoo/Zoo_Leipzig_original/Gorilla/Zola_V418_3_14-12-10.txt,5 0.372136 0.372222 0.115625 0.19537,5
229,Viringika_V271_3_12-10-10.png,Viringika_V271_3_12-10-10.txt,/content/drive/MyDrive/chimp_zoo/Zoo_Leipzig_original/Gorilla/Viringika_V271_3_12-10-10.png,/content/drive/MyDrive/chimp_zoo/Zoo_Leipzig_original/Gorilla/Viringika_V271_3_12-10-10.txt,4 0.276823 0.406945 0.139584 0.288889,4
230,Gorgo_V114_11_09-08-10_Zola.png,Gorgo_V114_11_09-08-10_Zola.txt,/content/drive/MyDrive/chimp_zoo/Zoo_Leipzig_original/Gorilla/Gorgo_V114_11_09-08-10_Zola.png,/content/drive/MyDrive/chimp_zoo/Zoo_Leipzig_original/Gorilla/Gorgo_V114_11_09-08-10_Zola.txt,5 0.58073 0.277315 0.086979 0.137037,5
231,Louna_V267_1_12-10-10.png,Louna_V267_1_12-10-10.txt,/content/drive/MyDrive/chimp_zoo/Zoo_Leipzig_original/Gorilla/Louna_V267_1_12-10-10.png,/content/drive/MyDrive/chimp_zoo/Zoo_Leipzig_original/Gorilla/Louna_V267_1_12-10-10.txt,3 0.432031 0.266204 0.11875 0.257407,3
232,Viringika_V271_5_12-10-10.png,Viringika_V271_5_12-10-10.txt,/content/drive/MyDrive/chimp_zoo/Zoo_Leipzig_original/Gorilla/Viringika_V271_5_12-10-10.png,/content/drive/MyDrive/chimp_zoo/Zoo_Leipzig_original/Gorilla/Viringika_V271_5_12-10-10.txt,4 0.290365 0.375 0.141667 0.262038,4
233,Zola_V270_1_12-10-10.png,Zola_V270_1_12-10-10.txt,/content/drive/MyDrive/chimp_zoo/Zoo_Leipzig_original/Gorilla/Zola_V270_1_12-10-10.png,/content/drive/MyDrive/chimp_zoo/Zoo_Leipzig_original/Gorilla/Zola_V270_1_12-10-10.txt,5 0.493229 0.323148 0.147396 0.278704,5
234,V115_12_09-08-10_Viringika.png,V115_12_09-08-10_Viringika.txt,/content/drive/MyDrive/chimp_zoo/Zoo_Leipzig_original/Gorilla/V115_12_09-08-10_Viringika.png,/content/drive/MyDrive/chimp_zoo/Zoo_Leipzig_original/Gorilla/V115_12_09-08-10_Viringika.txt,4 0.840711 0.228009 0.129776 0.276235,4
235,V115_13_09-08-10_Zola.png,V115_13_09-08-10_Zola.txt,/content/drive/MyDrive/chimp_zoo/Zoo_Leipzig_original/Gorilla/V115_13_09-08-10_Zola.png,/content/drive/MyDrive/chimp_zoo/Zoo_Leipzig_original/Gorilla/V115_13_09-08-10_Zola.txt,5 0.508896 0.532794 0.098957 0.166667,5
236,Bebe_V357_1_23-11-10.png,Bebe_V357_1_23-11-10.txt,/content/drive/MyDrive/chimp_zoo/Zoo_Leipzig_original/Gorilla/Bebe_V357_1_23-11-10.png,/content/drive/MyDrive/chimp_zoo/Zoo_Leipzig_original/Gorilla/Bebe_V357_1_23-11-10.txt,0 0.359115 0.545833 0.185417 0.370371,0
237,V115_14_09-08-10_Zola.png,V115_14_09-08-10_Zola.txt,/content/drive/MyDrive/chimp_zoo/Zoo_Leipzig_original/Gorilla/V115_14_09-08-10_Zola.png,/content/drive/MyDrive/chimp_zoo/Zoo_Leipzig_original/Gorilla/V115_14_09-08-10_Zola.txt,5 0.614062 0.532408 0.099479 0.193519,5
238,Gorgo_V114_3_09-08-10.png,Gorgo_V114_3_09-08-10.txt,/content/drive/MyDrive/chimp_zoo/Zoo_Leipzig_original/Gorilla/Gorgo_V114_3_09-08-10.png,/content/drive/MyDrive/chimp_zoo/Zoo_Leipzig_original/Gorilla/Gorgo_V114_3_09-08-10.txt,1 0.601823 0.469444 0.201042 0.404629,1
239,Gorgo_V114_9_09-08-10_Zola.png,Gorgo_V114_9_09-08-10_Zola.txt,/content/drive/MyDrive/chimp_zoo/Zoo_Leipzig_original/Gorilla/Gorgo_V114_9_09-08-10_Zola.png,/content/drive/MyDrive/chimp_zoo/Zoo_Leipzig_original/Gorilla/Gorgo_V114_9_09-08-10_Zola.txt,5 0.550565 0.336035 0.082465 0.157407,5
240,Louna_V340_3_08-11-10.png,Louna_V340_3_08-11-10.txt,/content/drive/MyDrive/chimp_zoo/Zoo_Leipzig_original/Gorilla/Louna_V340_3_08-11-10.png,/content/drive/MyDrive/chimp_zoo/Zoo_Leipzig_original/Gorilla/Louna_V340_3_08-11-10.txt,3 0.483594 0.327315 0.15625 0.303704,3
241,V115_5_09-08-10_Kibara_u_Zola.png,V115_5_09-08-10_Kibara_u_Zola.txt,/content/drive/MyDrive/chimp_zoo/Zoo_Leipzig_original/Gorilla/V115_5_09-08-10_Kibara_u_Zola.png,/content/drive/MyDrive/chimp_zoo/Zoo_Leipzig_original/Gorilla/V115_5_09-08-10_Kibara_u_Zola.txt,2 0.402995 0.512346 0.075521 0.156636,2
242,Gorgo_V114_8_09-08-10_Zola.png,Gorgo_V114_8_09-08-10_Zola.txt,/content/drive/MyDrive/chimp_zoo/Zoo_Leipzig_original/Gorilla/Gorgo_V114_8_09-08-10_Zola.png,/content/drive/MyDrive/chimp_zoo/Zoo_Leipzig_original/Gorilla/Gorgo_V114_8_09-08-10_Zola.txt,5 0.541667 0.320371 0.083854 0.139815,5
243,Viringika_V335_1_08-11-10.png,Viringika_V335_1_08-11-10.txt,/content/drive/MyDrive/chimp_zoo/Zoo_Leipzig_original/Gorilla/Viringika_V335_1_08-11-10.png,/content/drive/MyDrive/chimp_zoo/Zoo_Leipzig_original/Gorilla/Viringika_V335_1_08-11-10.txt,4 0.425782 0.371296 0.152083 0.252778,4
244,Louna_V340_6_08-11-10.png,Louna_V340_6_08-11-10.txt,/content/drive/MyDrive/chimp_zoo/Zoo_Leipzig_original/Gorilla/Louna_V340_6_08-11-10.png,/content/drive/MyDrive/chimp_zoo/Zoo_Leipzig_original/Gorilla/Louna_V340_6_08-11-10.txt,3 0.334375 0.255092 0.117188 0.214815,3
245,Louna_V340_2_08-11-10.png,Louna_V340_2_08-11-10.txt,/content/drive/MyDrive/chimp_zoo/Zoo_Leipzig_original/Gorilla/Louna_V340_2_08-11-10.png,/content/drive/MyDrive/chimp_zoo/Zoo_Leipzig_original/Gorilla/Louna_V340_2_08-11-10.txt,3 0.433593 0.380556 0.152083 0.319445,3
246,Zola_V336_2_08-11-10.png,Zola_V336_2_08-11-10.txt,/content/drive/MyDrive/chimp_zoo/Zoo_Leipzig_original/Gorilla/Zola_V336_2_08-11-10.png,/content/drive/MyDrive/chimp_zoo/Zoo_Leipzig_original/Gorilla/Zola_V336_2_08-11-10.txt,5 0.488281 0.267593 0.1875 0.297223,5
247,Viringika_V339_4_08-11-10.png,Viringika_V339_4_08-11-10.txt,/content/drive/MyDrive/chimp_zoo/Zoo_Leipzig_original/Gorilla/Viringika_V339_4_08-11-10.png,/content/drive/MyDrive/chimp_zoo/Zoo_Leipzig_original/Gorilla/Viringika_V339_4_08-11-10.txt,4 0.324479 0.372223 0.209896 0.384259,4
248,Louna_V267_3_12-10-10.png,Louna_V267_3_12-10-10.txt,/content/drive/MyDrive/chimp_zoo/Zoo_Leipzig_original/Gorilla/Louna_V267_3_12-10-10.png,/content/drive/MyDrive/chimp_zoo/Zoo_Leipzig_original/Gorilla/Louna_V267_3_12-10-10.txt,3 0.435937 0.300926 0.122395 0.267592,3
250,Kibara_V454_2_16-12-10.png,Kibara_V454_2_16-12-10.txt,/content/drive/MyDrive/chimp_zoo/Zoo_Leipzig_original/Gorilla/Kibara_V454_2_16-12-10.png,/content/drive/MyDrive/chimp_zoo/Zoo_Leipzig_original/Gorilla/Kibara_V454_2_16-12-10.txt,2 0.618229 0.236111 0.103646 0.197222,2
251,Viringika_V271_4_12-10-10.png,Viringika_V271_4_12-10-10.txt,/content/drive/MyDrive/chimp_zoo/Zoo_Leipzig_original/Gorilla/Viringika_V271_4_12-10-10.png,/content/drive/MyDrive/chimp_zoo/Zoo_Leipzig_original/Gorilla/Viringika_V271_4_12-10-10.txt,4 0.34375 0.443981 0.13698 0.292593,4
252,Viringika_V339_10_08-11-10.png,Viringika_V339_10_08-11-10.txt,/content/drive/MyDrive/chimp_zoo/Zoo_Leipzig_original/Gorilla/Viringika_V339_10_08-11-10.png,/content/drive/MyDrive/chimp_zoo/Zoo_Leipzig_original/Gorilla/Viringika_V339_10_08-11-10.txt,4 0.528646 0.502314 0.198438 0.390741,4
255,Gorgo_V114_12_09-08-10_Zola.png,Gorgo_V114_12_09-08-10_Zola.txt,/content/drive/MyDrive/chimp_zoo/Zoo_Leipzig_original/Gorilla/Gorgo_V114_12_09-08-10_Zola.png,/content/drive/MyDrive/chimp_zoo/Zoo_Leipzig_original/Gorilla/Gorgo_V114_12_09-08-10_Zola.txt,5 0.569662 0.314815 0.059895 0.102624,5
256,Viringika_V339_6_08-11-10.png,Viringika_V339_6_08-11-10.txt,/content/drive/MyDrive/chimp_zoo/Zoo_Leipzig_original/Gorilla/Viringika_V339_6_08-11-10.png,/content/drive/MyDrive/chimp_zoo/Zoo_Leipzig_original/Gorilla/Viringika_V339_6_08-11-10.txt,4 0.448177 0.570371 0.205208 0.369445,4
257,Zola_V336_5_08-11-10.png,Zola_V336_5_08-11-10.txt,/content/drive/MyDrive/chimp_zoo/Zoo_Leipzig_original/Gorilla/Zola_V336_5_08-11-10.png,/content/drive/MyDrive/chimp_zoo/Zoo_Leipzig_original/Gorilla/Zola_V336_5_08-11-10.txt,5 0.438542 0.330556 0.190104 0.299074,5
258,Viringika_V339_5_08-11-10.png,Viringika_V339_5_08-11-10.txt,/content/drive/MyDrive/chimp_zoo/Zoo_Leipzig_original/Gorilla/Viringika_V339_5_08-11-10.png,/content/drive/MyDrive/chimp_zoo/Zoo_Leipzig_original/Gorilla/Viringika_V339_5_08-11-10.txt,4 0.350521 0.381945 0.207812 0.372223,4
259,Louna_V340_5_08-11-10.png,Louna_V340_5_08-11-10.txt,/content/drive/MyDrive/chimp_zoo/Zoo_Leipzig_original/Gorilla/Louna_V340_5_08-11-10.png,/content/drive/MyDrive/chimp_zoo/Zoo_Leipzig_original/Gorilla/Louna_V340_5_08-11-10.txt,3 0.454167 0.3875 0.154687 0.344444,3
260,Gorgo_V114_6_09-08-10.png,Gorgo_V114_6_09-08-10.txt,/content/drive/MyDrive/chimp_zoo/Zoo_Leipzig_original/Gorilla/Gorgo_V114_6_09-08-10.png,/content/drive/MyDrive/chimp_zoo/Zoo_Leipzig_original/Gorilla/Gorgo_V114_6_09-08-10.txt,1 0.57552 0.499074 0.163021 0.35463,1
261,Zola_V336_7_08-11-10.png,Zola_V336_7_08-11-10.txt,/content/drive/MyDrive/chimp_zoo/Zoo_Leipzig_original/Gorilla/Zola_V336_7_08-11-10.png,/content/drive/MyDrive/chimp_zoo/Zoo_Leipzig_original/Gorilla/Zola_V336_7_08-11-10.txt,5 0.407552 0.342592 0.170834 0.297223,5
262,Zola_V336_6_08-11-10.png,Zola_V336_6_08-11-10.txt,/content/drive/MyDrive/chimp_zoo/Zoo_Leipzig_original/Gorilla/Zola_V336_6_08-11-10.png,/content/drive/MyDrive/chimp_zoo/Zoo_Leipzig_original/Gorilla/Zola_V336_6_08-11-10.txt,5 0.447396 0.352315 0.203646 0.294444,5
263,Viringika_V339_1_08-11-10.png,Viringika_V339_1_08-11-10.txt,/content/drive/MyDrive/chimp_zoo/Zoo_Leipzig_original/Gorilla/Viringika_V339_1_08-11-10.png,/content/drive/MyDrive/chimp_zoo/Zoo_Leipzig_original/Gorilla/Viringika_V339_1_08-11-10.txt,4 0.408073 0.500463 0.2 0.338888,4
264,V115_15_09-08-10_Viringika.png,V115_15_09-08-10_Viringika.txt,/content/drive/MyDrive/chimp_zoo/Zoo_Leipzig_original/Gorilla/V115_15_09-08-10_Viringika.png,/content/drive/MyDrive/chimp_zoo/Zoo_Leipzig_original/Gorilla/V115_15_09-08-10_Viringika.txt,4 0.868054 0.256944 0.116755 0.227624,4
265,Gorgo_V114_1_09-08-10.png,Gorgo_V114_1_09-08-10.txt,/content/drive/MyDrive/chimp_zoo/Zoo_Leipzig_original/Gorilla/Gorgo_V114_1_09-08-10.png,/content/drive/MyDrive/chimp_zoo/Zoo_Leipzig_original/Gorilla/Gorgo_V114_1_09-08-10.txt,1 0.573438 0.568519 0.279687 0.587963,1
266,Viringika_V339_8_08-11-10.png,Viringika_V339_8_08-11-10.txt,/content/drive/MyDrive/chimp_zoo/Zoo_Leipzig_original/Gorilla/Viringika_V339_8_08-11-10.png,/content/drive/MyDrive/chimp_zoo/Zoo_Leipzig_original/Gorilla/Viringika_V339_8_08-11-10.txt,4 0.48177 0.560648 0.193229 0.37037,4
267,Viringika_V339_9_08-11-10.png,Viringika_V339_9_08-11-10.txt,/content/drive/MyDrive/chimp_zoo/Zoo_Leipzig_original/Gorilla/Viringika_V339_9_08-11-10.png,/content/drive/MyDrive/chimp_zoo/Zoo_Leipzig_original/Gorilla/Viringika_V339_9_08-11-10.txt,4 0.548437 0.46713 0.195313 0.375926,4
268,V115_9_09-08-10_Gorgo.png,V115_9_09-08-10_Gorgo.txt,/content/drive/MyDrive/chimp_zoo/Zoo_Leipzig_original/Gorilla/V115_9_09-08-10_Gorgo.png,/content/drive/MyDrive/chimp_zoo/Zoo_Leipzig_original/Gorilla/V115_9_09-08-10_Gorgo.txt,1 0.492708 0.387963 0.152604 0.24537,1
269,V115_4_09-08-10_Viringika_Kibara_u_Zola.png,V115_4_09-08-10_Viringika_Kibara_u_Zola.txt,/content/drive/MyDrive/chimp_zoo/Zoo_Leipzig_original/Gorilla/V115_4_09-08-10_Viringika_Kibara_u_Zola.png,/content/drive/MyDrive/chimp_zoo/Zoo_Leipzig_original/Gorilla/V115_4_09-08-10_Viringika_Kibara_u_Zola.txt,4 0.125868 0.640046 0.059462 0.126543,4
270,V115_10_09-08-10_Gorgo.png,V115_10_09-08-10_Gorgo.txt,/content/drive/MyDrive/chimp_zoo/Zoo_Leipzig_original/Gorilla/V115_10_09-08-10_Gorgo.png,/content/drive/MyDrive/chimp_zoo/Zoo_Leipzig_original/Gorilla/V115_10_09-08-10_Gorgo.txt,1 0.534636 0.325463 0.132291 0.274074,1
271,Gorgo_V114_2_09-08-10.png,Gorgo_V114_2_09-08-10.txt,/content/drive/MyDrive/chimp_zoo/Zoo_Leipzig_original/Gorilla/Gorgo_V114_2_09-08-10.png,/content/drive/MyDrive/chimp_zoo/Zoo_Leipzig_original/Gorilla/Gorgo_V114_2_09-08-10.txt,1 0.537761 0.476389 0.217709 0.472222,1
272,V115_3_09-08-10_Kibara_u_Zola.png,V115_3_09-08-10_Kibara_u_Zola.txt,/content/drive/MyDrive/chimp_zoo/Zoo_Leipzig_original/Gorilla/V115_3_09-08-10_Kibara_u_Zola.png,/content/drive/MyDrive/chimp_zoo/Zoo_Leipzig_original/Gorilla/V115_3_09-08-10_Kibara_u_Zola.txt,2 0.375651 0.53588 0.059028 0.125,2
273,Zola_V336_8_08-11-10.png,Zola_V336_8_08-11-10.txt,/content/drive/MyDrive/chimp_zoo/Zoo_Leipzig_original/Gorilla/Zola_V336_8_08-11-10.png,/content/drive/MyDrive/chimp_zoo/Zoo_Leipzig_original/Gorilla/Zola_V336_8_08-11-10.txt,5 0.430469 0.345833 0.180208 0.353704,5
274,Zola_V270_2_12-10-10.png,Zola_V270_2_12-10-10.txt,/content/drive/MyDrive/chimp_zoo/Zoo_Leipzig_original/Gorilla/Zola_V270_2_12-10-10.png,/content/drive/MyDrive/chimp_zoo/Zoo_Leipzig_original/Gorilla/Zola_V270_2_12-10-10.txt,5 0.507292 0.374537 0.148437 0.281482,5
275,Viringika_V339_7_08-11-10.png,Viringika_V339_7_08-11-10.txt,/content/drive/MyDrive/chimp_zoo/Zoo_Leipzig_original/Gorilla/Viringika_V339_7_08-11-10.png,/content/drive/MyDrive/chimp_zoo/Zoo_Leipzig_original/Gorilla/Viringika_V339_7_08-11-10.txt,4 0.471614 0.659259 0.197917 0.408333,4
276,Gorgo_V114_7_09-08-10_Zola.png,Gorgo_V114_7_09-08-10_Zola.txt,/content/drive/MyDrive/chimp_zoo/Zoo_Leipzig_original/Gorilla/Gorgo_V114_7_09-08-10_Zola.png,/content/drive/MyDrive/chimp_zoo/Zoo_Leipzig_original/Gorilla/Gorgo_V114_7_09-08-10_Zola.txt,5 0.623698 0.410107 0.049916 0.108025,5
277,Kibara_V272_2_12-10-10.png,Kibara_V272_2_12-10-10.txt,/content/drive/MyDrive/chimp_zoo/Zoo_Leipzig_original/Gorilla/Kibara_V272_2_12-10-10.png,/content/drive/MyDrive/chimp_zoo/Zoo_Leipzig_original/Gorilla/Kibara_V272_2_12-10-10.txt,2 0.552864 0.212037 0.135417 0.252778,2
279,Zola_V459_1_16-12-10.png,Zola_V459_1_16-12-10.txt,/content/drive/MyDrive/chimp_zoo/Zoo_Leipzig_original/Gorilla/Zola_V459_1_16-12-10.png,/content/drive/MyDrive/chimp_zoo/Zoo_Leipzig_original/Gorilla/Zola_V459_1_16-12-10.txt,5 0.502604 0.483333 0.066146 0.110185,5
280,V115_11_09-08-10_Viringika.png,V115_11_09-08-10_Viringika.txt,/content/drive/MyDrive/chimp_zoo/Zoo_Leipzig_original/Gorilla/V115_11_09-08-10_Viringika.png,/content/drive/MyDrive/chimp_zoo/Zoo_Leipzig_original/Gorilla/V115_11_09-08-10_Viringika.txt,4 0.812068 0.264275 0.095052 0.25,4
281,Louna_V340_1_08-11-10_Zola.png,Louna_V340_1_08-11-10_Zola.txt,/content/drive/MyDrive/chimp_zoo/Zoo_Leipzig_original/Gorilla/Louna_V340_1_08-11-10_Zola.png,/content/drive/MyDrive/chimp_zoo/Zoo_Leipzig_original/Gorilla/Louna_V340_1_08-11-10_Zola.txt,3 0.109375 0.243518 0.085938 0.163889,3
282,Gorgo_V114_10_09-08-10_Zola.png,Gorgo_V114_10_09-08-10_Zola.txt,/content/drive/MyDrive/chimp_zoo/Zoo_Leipzig_original/Gorilla/Gorgo_V114_10_09-08-10_Zola.png,/content/drive/MyDrive/chimp_zoo/Zoo_Leipzig_original/Gorilla/Gorgo_V114_10_09-08-10_Zola.txt,5 0.562716 0.309799 0.090276 0.143518,5
283,Kibara_V337_1_08-11-10.png,Kibara_V337_1_08-11-10.txt,/content/drive/MyDrive/chimp_zoo/Zoo_Leipzig_original/Gorilla/Kibara_V337_1_08-11-10.png,/content/drive/MyDrive/chimp_zoo/Zoo_Leipzig_original/Gorilla/Kibara_V337_1_08-11-10.txt,2 0.446615 0.343519 0.152083 0.262037,2
284,Louna_V340_7_08-11-10.png,Louna_V340_7_08-11-10.txt,/content/drive/MyDrive/chimp_zoo/Zoo_Leipzig_original/Gorilla/Louna_V340_7_08-11-10.png,/content/drive/MyDrive/chimp_zoo/Zoo_Leipzig_original/Gorilla/Louna_V340_7_08-11-10.txt,3 0.543489 0.412037 0.102083 0.243518,3
285,Viringika_V339_2_08-11-10.png,Viringika_V339_2_08-11-10.txt,/content/drive/MyDrive/chimp_zoo/Zoo_Leipzig_original/Gorilla/Viringika_V339_2_08-11-10.png,/content/drive/MyDrive/chimp_zoo/Zoo_Leipzig_original/Gorilla/Viringika_V339_2_08-11-10.txt,4 0.415886 0.4875 0.195833 0.37037,4
286,Viringika_V339_3_08-11-10.png,Viringika_V339_3_08-11-10.txt,/content/drive/MyDrive/chimp_zoo/Zoo_Leipzig_original/Gorilla/Viringika_V339_3_08-11-10.png,/content/drive/MyDrive/chimp_zoo/Zoo_Leipzig_original/Gorilla/Viringika_V339_3_08-11-10.txt,4 0.309896 0.359723 0.209896 0.366667,4
287,Zola_V336_1_08-11-10.png,Zola_V336_1_08-11-10.txt,/content/drive/MyDrive/chimp_zoo/Zoo_Leipzig_original/Gorilla/Zola_V336_1_08-11-10.png,/content/drive/MyDrive/chimp_zoo/Zoo_Leipzig_original/Gorilla/Zola_V336_1_08-11-10.txt,5 0.429948 0.301852 0.166666 0.34537,5
288,Viringika_V338_2_08-11-10.png,Viringika_V338_2_08-11-10.txt,/content/drive/MyDrive/chimp_zoo/Zoo_Leipzig_original/Gorilla/Viringika_V338_2_08-11-10.png,/content/drive/MyDrive/chimp_zoo/Zoo_Leipzig_original/Gorilla/Viringika_V338_2_08-11-10.txt,4 0.417448 0.323149 0.164584 0.284259,4
289,Louna_V340_4_08-11-10.png,Louna_V340_4_08-11-10.txt,/content/drive/MyDrive/chimp_zoo/Zoo_Leipzig_original/Gorilla/Louna_V340_4_08-11-10.png,/content/drive/MyDrive/chimp_zoo/Zoo_Leipzig_original/Gorilla/Louna_V340_4_08-11-10.txt,3 0.592969 0.405556 0.134375 0.323149,3
290,Zola_V336_3_08-11-10.png,Zola_V336_3_08-11-10.txt,/content/drive/MyDrive/chimp_zoo/Zoo_Leipzig_original/Gorilla/Zola_V336_3_08-11-10.png,/content/drive/MyDrive/chimp_zoo/Zoo_Leipzig_original/Gorilla/Zola_V336_3_08-11-10.txt,5 0.42552 0.366667 0.193229 0.300926,5
291,Louna_V340_8_08-11-10.png,Louna_V340_8_08-11-10.txt,/content/drive/MyDrive/chimp_zoo/Zoo_Leipzig_original/Gorilla/Louna_V340_8_08-11-10.png,/content/drive/MyDrive/chimp_zoo/Zoo_Leipzig_original/Gorilla/Louna_V340_8_08-11-10.txt,3 0.601042 0.37963 0.097396 0.223148,3
292,Viringika_V338_1_08-11-10.png,Viringika_V338_1_08-11-10.txt,/content/drive/MyDrive/chimp_zoo/Zoo_Leipzig_original/Gorilla/Viringika_V338_1_08-11-10.png,/content/drive/MyDrive/chimp_zoo/Zoo_Leipzig_original/Gorilla/Viringika_V338_1_08-11-10.txt,4 0.44401 0.324537 0.158333 0.275926,4
293,Gorgo_V114_4_09-08-10.png,Gorgo_V114_4_09-08-10.txt,/content/drive/MyDrive/chimp_zoo/Zoo_Leipzig_original/Gorilla/Gorgo_V114_4_09-08-10.png,/content/drive/MyDrive/chimp_zoo/Zoo_Leipzig_original/Gorilla/Gorgo_V114_4_09-08-10.txt,1 0.377387 0.506945 0.165798 0.315587,1
294,Viringika_V271_2_12-10-10.png,Viringika_V271_2_12-10-10.txt,/content/drive/MyDrive/chimp_zoo/Zoo_Leipzig_original/Gorilla/Viringika_V271_2_12-10-10.png,/content/drive/MyDrive/chimp_zoo/Zoo_Leipzig_original/Gorilla/Viringika_V271_2_12-10-10.txt,4 0.384115 0.380555 0.135417 0.260185,4
295,V115_1_09-08-10_Viringika_u_Zola.png,V115_1_09-08-10_Viringika_u_Zola.txt,/content/drive/MyDrive/chimp_zoo/Zoo_Leipzig_original/Gorilla/V115_1_09-08-10_Viringika_u_Zola.png,/content/drive/MyDrive/chimp_zoo/Zoo_Leipzig_original/Gorilla/V115_1_09-08-10_Viringika_u_Zola.txt,4 0.642578 0.224923 0.0625 0.12037,4
296,V115_6_09-08-10_Kibara_u_Zola.png,V115_6_09-08-10_Kibara_u_Zola.txt,/content/drive/MyDrive/chimp_zoo/Zoo_Leipzig_original/Gorilla/V115_6_09-08-10_Kibara_u_Zola.png,/content/drive/MyDrive/chimp_zoo/Zoo_Leipzig_original/Gorilla/V115_6_09-08-10_Kibara_u_Zola.txt,2 0.440104 0.537037 0.067188 0.150926,2
297,Kibara_V272_3_12-10-10.png,Kibara_V272_3_12-10-10.txt,/content/drive/MyDrive/chimp_zoo/Zoo_Leipzig_original/Gorilla/Kibara_V272_3_12-10-10.png,/content/drive/MyDrive/chimp_zoo/Zoo_Leipzig_original/Gorilla/Kibara_V272_3_12-10-10.txt,2 0.60026 0.193518 0.140625 0.256481,2
298,V115_2_09-08-10_Kibara_u_Viringika.png,V115_2_09-08-10_Kibara_u_Viringika.txt,/content/drive/MyDrive/chimp_zoo/Zoo_Leipzig_original/Gorilla/V115_2_09-08-10_Kibara_u_Viringika.png,/content/drive/MyDrive/chimp_zoo/Zoo_Leipzig_original/Gorilla/V115_2_09-08-10_Kibara_u_Viringika.txt,2 0.336588 0.530864 0.065105 0.128859,2
299,Louna_V340_9_08-11-10_Zola.png,Louna_V340_9_08-11-10_Zola.txt,/content/drive/MyDrive/chimp_zoo/Zoo_Leipzig_original/Gorilla/Louna_V340_9_08-11-10_Zola.png,/content/drive/MyDrive/chimp_zoo/Zoo_Leipzig_original/Gorilla/Louna_V340_9_08-11-10_Zola.txt,5 0.209636 0.451852 0.053125 0.102778,5
300,Gorgo_V114_5_09-08-10.png,Gorgo_V114_5_09-08-10.txt,/content/drive/MyDrive/chimp_zoo/Zoo_Leipzig_original/Gorilla/Gorgo_V114_5_09-08-10.png,/content/drive/MyDrive/chimp_zoo/Zoo_Leipzig_original/Gorilla/Gorgo_V114_5_09-08-10.txt,1 0.551302 0.468519 0.167708 0.325,1
301,Louna_V267_5_12-10-10.png,Louna_V267_5_12-10-10.txt,/content/drive/MyDrive/chimp_zoo/Zoo_Leipzig_original/Gorilla/Louna_V267_5_12-10-10.png,/content/drive/MyDrive/chimp_zoo/Zoo_Leipzig_original/Gorilla/Louna_V267_5_12-10-10.txt,3 0.483333 0.335186 0.135937 0.258333,3
302,Louna_V267_6_12-10-10.png,Louna_V267_6_12-10-10.txt,/content/drive/MyDrive/chimp_zoo/Zoo_Leipzig_original/Gorilla/Louna_V267_6_12-10-10.png,/content/drive/MyDrive/chimp_zoo/Zoo_Leipzig_original/Gorilla/Louna_V267_6_12-10-10.txt,3 0.499479 0.309723 0.139062 0.257407,3
303,Bebe_V421_2_14-12-10.png,Bebe_V421_2_14-12-10.txt,/content/drive/MyDrive/chimp_zoo/Zoo_Leipzig_original/Gorilla/Bebe_V421_2_14-12-10.png,/content/drive/MyDrive/chimp_zoo/Zoo_Leipzig_original/Gorilla/Bebe_V421_2_14-12-10.txt,0 0.563541 0.45463 0.224479 0.356481,0
304,V115_8_09-08-10_Gorgo.png,V115_8_09-08-10_Gorgo.txt,/content/drive/MyDrive/chimp_zoo/Zoo_Leipzig_original/Gorilla/V115_8_09-08-10_Gorgo.png,/content/drive/MyDrive/chimp_zoo/Zoo_Leipzig_original/Gorilla/V115_8_09-08-10_Gorgo.txt,1 0.388282 0.57037 0.246875 0.526852,1
305,V115_7_09-08-10_Kibara_u_Zola.png,V115_7_09-08-10_Kibara_u_Zola.txt,/content/drive/MyDrive/chimp_zoo/Zoo_Leipzig_original/Gorilla/V115_7_09-08-10_Kibara_u_Zola.png,/content/drive/MyDrive/chimp_zoo/Zoo_Leipzig_original/Gorilla/V115_7_09-08-10_Kibara_u_Zola.txt,2 0.258246 0.483797 0.085503 0.135031,2
306,Zola_V336_4_08-11-10.png,Zola_V336_4_08-11-10.txt,/content/drive/MyDrive/chimp_zoo/Zoo_Leipzig_original/Gorilla/Zola_V336_4_08-11-10.png,/content/drive/MyDrive/chimp_zoo/Zoo_Leipzig_original/Gorilla/Zola_V336_4_08-11-10.txt,5 0.333854 0.381945 0.174479 0.298149,5
307,Viringika_V271_1_12-10-10.png,Viringika_V271_1_12-10-10.txt,/content/drive/MyDrive/chimp_zoo/Zoo_Leipzig_original/Gorilla/Viringika_V271_1_12-10-10.png,/content/drive/MyDrive/chimp_zoo/Zoo_Leipzig_original/Gorilla/Viringika_V271_1_12-10-10.txt,4 0.390625 0.389815 0.135938 0.267592,4
308,Louna_V267_4_12-10-10.png,Louna_V267_4_12-10-10.txt,/content/drive/MyDrive/chimp_zoo/Zoo_Leipzig_original/Gorilla/Louna_V267_4_12-10-10.png,/content/drive/MyDrive/chimp_zoo/Zoo_Leipzig_original/Gorilla/Louna_V267_4_12-10-10.txt,3 0.427084 0.339815 0.114063 0.260185,3
309,Zola_V270_3_12-10-10.png,Zola_V270_3_12-10-10.txt,/content/drive/MyDrive/chimp_zoo/Zoo_Leipzig_original/Gorilla/Zola_V270_3_12-10-10.png,/content/drive/MyDrive/chimp_zoo/Zoo_Leipzig_original/Gorilla/Zola_V270_3_12-10-10.txt,5 0.440105 0.511574 0.119271 0.207408,5
310,Zola_u_Kibara_V397_2_30-12-10.png,Zola_u_Kibara_V397_2_30-12-10.txt,/content/drive/MyDrive/chimp_zoo/Zoo_Leipzig_original/Gorilla/Zola_u_Kibara_V397_2_30-12-10.png,/content/drive/MyDrive/chimp_zoo/Zoo_Leipzig_original/Gorilla/Zola_u_Kibara_V397_2_30-12-10.txt,2 0.483855 0.693056 0.138021 0.209259,2
311,Zola_u_Kibara_V397_1_30-12-10.png,Zola_u_Kibara_V397_1_30-12-10.txt,/content/drive/MyDrive/chimp_zoo/Zoo_Leipzig_original/Gorilla/Zola_u_Kibara_V397_1_30-12-10.png,/content/drive/MyDrive/chimp_zoo/Zoo_Leipzig_original/Gorilla/Zola_u_Kibara_V397_1_30-12-10.txt,2 0.478907 0.692592 0.128125 0.206481,2
312,Louna_u_Zola_V379_1_29-11-10.png,Louna_u_Zola_V379_1_29-11-10.txt,/content/drive/MyDrive/chimp_zoo/Zoo_Leipzig_original/Gorilla/Louna_u_Zola_V379_1_29-11-10.png,/content/drive/MyDrive/chimp_zoo/Zoo_Leipzig_original/Gorilla/Louna_u_Zola_V379_1_29-11-10.txt,5 0.306858 0.28858 0.089844 0.176698,5
313,Kibara_V342_3_23-11-10_Zola.png,Kibara_V342_3_23-11-10_Zola.txt,/content/drive/MyDrive/chimp_zoo/Zoo_Leipzig_original/Gorilla/Kibara_V342_3_23-11-10_Zola.png,/content/drive/MyDrive/chimp_zoo/Zoo_Leipzig_original/Gorilla/Kibara_V342_3_23-11-10_Zola.txt,5 0.658594 0.517593 0.097917 0.178703,5
314,Bebe_u_Louna_V79_2_22-07-10.png,Bebe_u_Louna_V79_2_22-07-10.txt,/content/drive/MyDrive/chimp_zoo/Zoo_Leipzig_original/Gorilla/Bebe_u_Louna_V79_2_22-07-10.png,/content/drive/MyDrive/chimp_zoo/Zoo_Leipzig_original/Gorilla/Bebe_u_Louna_V79_2_22-07-10.txt,3 0.665625 0.476389 0.11198 0.24074,3
315,Viringika_u_Kibara_V467_3_16-12-10.png,Viringika_u_Kibara_V467_3_16-12-10.txt,/content/drive/MyDrive/chimp_zoo/Zoo_Leipzig_original/Gorilla/Viringika_u_Kibara_V467_3_16-12-10.png,/content/drive/MyDrive/chimp_zoo/Zoo_Leipzig_original/Gorilla/Viringika_u_Kibara_V467_3_16-12-10.txt,2 0.674219 0.420833 0.141667 0.255555,2
316,Viringika_u_Kibara_V467_1_16-12-10.png,Viringika_u_Kibara_V467_1_16-12-10.txt,/content/drive/MyDrive/chimp_zoo/Zoo_Leipzig_original/Gorilla/Viringika_u_Kibara_V467_1_16-12-10.png,/content/drive/MyDrive/chimp_zoo/Zoo_Leipzig_original/Gorilla/Viringika_u_Kibara_V467_1_16-12-10.txt,2 0.669531 0.4375 0.139583 0.27037,2
317,Viringika_u_Zola_V461_3_16-12-10.png,Viringika_u_Zola_V461_3_16-12-10.txt,/content/drive/MyDrive/chimp_zoo/Zoo_Leipzig_original/Gorilla/Viringika_u_Zola_V461_3_16-12-10.png,/content/drive/MyDrive/chimp_zoo/Zoo_Leipzig_original/Gorilla/Viringika_u_Zola_V461_3_16-12-10.txt,5 0.727604 0.480092 0.084896 0.146297,5
318,Viringika_u_Zola_V461_2_16-12-10.png,Viringika_u_Zola_V461_2_16-12-10.txt,/content/drive/MyDrive/chimp_zoo/Zoo_Leipzig_original/Gorilla/Viringika_u_Zola_V461_2_16-12-10.png,/content/drive/MyDrive/chimp_zoo/Zoo_Leipzig_original/Gorilla/Viringika_u_Zola_V461_2_16-12-10.txt,5 0.775 0.526389 0.078646 0.157408,5
319,Viringika_u_Kibara_V467_2_16-12-10.png,Viringika_u_Kibara_V467_2_16-12-10.txt,/content/drive/MyDrive/chimp_zoo/Zoo_Leipzig_original/Gorilla/Viringika_u_Kibara_V467_2_16-12-10.png,/content/drive/MyDrive/chimp_zoo/Zoo_Leipzig_original/Gorilla/Viringika_u_Kibara_V467_2_16-12-10.txt,2 0.598437 0.364815 0.155729 0.250926,2
320,Viringika_u_Zola_V461_1_16-12-10.png,Viringika_u_Zola_V461_1_16-12-10.txt,/content/drive/MyDrive/chimp_zoo/Zoo_Leipzig_original/Gorilla/Viringika_u_Zola_V461_1_16-12-10.png,/content/drive/MyDrive/chimp_zoo/Zoo_Leipzig_original/Gorilla/Viringika_u_Zola_V461_1_16-12-10.txt,5 0.726562 0.422685 0.088021 0.153704,5
321,Viringika_V425_7_14-12-10.png,Viringika_V425_7_14-12-10.txt,/content/drive/MyDrive/chimp_zoo/Zoo_Leipzig_original/Gorilla/Viringika_V425_7_14-12-10.png,/content/drive/MyDrive/chimp_zoo/Zoo_Leipzig_original/Gorilla/Viringika_V425_7_14-12-10.txt,5 0.547135 0.558796 0.126041 0.209259,5
322,Louna_u_Zola_V434_2_14-12-10.png,Louna_u_Zola_V434_2_14-12-10.txt,/content/drive/MyDrive/chimp_zoo/Zoo_Leipzig_original/Gorilla/Louna_u_Zola_V434_2_14-12-10.png,/content/drive/MyDrive/chimp_zoo/Zoo_Leipzig_original/Gorilla/Louna_u_Zola_V434_2_14-12-10.txt,5 0.620313 0.4 0.084895 0.156482,5
323,V115_5_09-08-10_Kibara_u_Zola.png,V115_5_09-08-10_Kibara_u_Zola.txt,/content/drive/MyDrive/chimp_zoo/Zoo_Leipzig_original/Gorilla/V115_5_09-08-10_Kibara_u_Zola.png,/content/drive/MyDrive/chimp_zoo/Zoo_Leipzig_original/Gorilla/V115_5_09-08-10_Kibara_u_Zola.txt,5 0.686198 0.168596 0.058594 0.106481,5
324,V115_4_09-08-10_Viringika_Kibara_u_Zola.png,V115_4_09-08-10_Viringika_Kibara_u_Zola.txt,/content/drive/MyDrive/chimp_zoo/Zoo_Leipzig_original/Gorilla/V115_4_09-08-10_Viringika_Kibara_u_Zola.png,/content/drive/MyDrive/chimp_zoo/Zoo_Leipzig_original/Gorilla/V115_4_09-08-10_Viringika_Kibara_u_Zola.txt,2 0.489584 0.513504 0.056857 0.112655,2
325,V115_3_09-08-10_Kibara_u_Zola.png,V115_3_09-08-10_Kibara_u_Zola.txt,/content/drive/MyDrive/chimp_zoo/Zoo_Leipzig_original/Gorilla/V115_3_09-08-10_Kibara_u_Zola.png,/content/drive/MyDrive/chimp_zoo/Zoo_Leipzig_original/Gorilla/V115_3_09-08-10_Kibara_u_Zola.txt,5 0.59679 0.186342 0.049047 0.080247,5
326,Louna_V340_1_08-11-10_Zola.png,Louna_V340_1_08-11-10_Zola.txt,/content/drive/MyDrive/chimp_zoo/Zoo_Leipzig_original/Gorilla/Louna_V340_1_08-11-10_Zola.png,/content/drive/MyDrive/chimp_zoo/Zoo_Leipzig_original/Gorilla/Louna_V340_1_08-11-10_Zola.txt,5 0.873177 0.51713 0.075 0.172222,5
327,V115_1_09-08-10_Viringika_u_Zola.png,V115_1_09-08-10_Viringika_u_Zola.txt,/content/drive/MyDrive/chimp_zoo/Zoo_Leipzig_original/Gorilla/V115_1_09-08-10_Viringika_u_Zola.png,/content/drive/MyDrive/chimp_zoo/Zoo_Leipzig_original/Gorilla/V115_1_09-08-10_Viringika_u_Zola.txt,5 0.652995 0.629244 0.050344 0.100308,5
328,V115_6_09-08-10_Kibara_u_Zola.png,V115_6_09-08-10_Kibara_u_Zola.txt,/content/drive/MyDrive/chimp_zoo/Zoo_Leipzig_original/Gorilla/V115_6_09-08-10_Kibara_u_Zola.png,/content/drive/MyDrive/chimp_zoo/Zoo_Leipzig_original/Gorilla/V115_6_09-08-10_Kibara_u_Zola.txt,5 0.701604 0.191744 0.057292 0.101851,5
329,V115_2_09-08-10_Kibara_u_Viringika.png,V115_2_09-08-10_Kibara_u_Viringika.txt,/content/drive/MyDrive/chimp_zoo/Zoo_Leipzig_original/Gorilla/V115_2_09-08-10_Kibara_u_Viringika.png,/content/drive/MyDrive/chimp_zoo/Zoo_Leipzig_original/Gorilla/V115_2_09-08-10_Kibara_u_Viringika.txt,4 0.535157 0.24267 0.062936 0.126544,4
330,Louna_V340_9_08-11-10_Zola.png,Louna_V340_9_08-11-10_Zola.txt,/content/drive/MyDrive/chimp_zoo/Zoo_Leipzig_original/Gorilla/Louna_V340_9_08-11-10_Zola.png,/content/drive/MyDrive/chimp_zoo/Zoo_Leipzig_original/Gorilla/Louna_V340_9_08-11-10_Zola.txt,3 0.563802 0.555555 0.071875 0.126851,3
331,V115_7_09-08-10_Kibara_u_Zola.png,V115_7_09-08-10_Kibara_u_Zola.txt,/content/drive/MyDrive/chimp_zoo/Zoo_Leipzig_original/Gorilla/V115_7_09-08-10_Kibara_u_Zola.png,/content/drive/MyDrive/chimp_zoo/Zoo_Leipzig_original/Gorilla/V115_7_09-08-10_Kibara_u_Zola.txt,5 0.685766 0.2527 0.055989 0.109567,5
332,V115_4_09-08-10_Viringika_Kibara_u_Zola.png,V115_4_09-08-10_Viringika_Kibara_u_Zola.txt,/content/drive/MyDrive/chimp_zoo/Zoo_Leipzig_original/Gorilla/V115_4_09-08-10_Viringika_Kibara_u_Zola.png,/content/drive/MyDrive/chimp_zoo/Zoo_Leipzig_original/Gorilla/V115_4_09-08-10_Viringika_Kibara_u_Zola.txt,5 0.710071 0.213348 0.043839 0.072531,5
